String	Ref. Ten. (lbs)	Swing Speed	Material	Gauge Nominal (mm)	Gauge Acutal (mm)	Stretch at 40 lbs (%)	Stretch at 51 lbs (%)	Stretch at 62 lbs (%)	Actual Pre-impact Tension (lbs)	Dwell Time (ms)	Deflection (mm)	Tension Change (lbs)	Peak Tension (lbs)	Peak Perp. Force (lbs)	Ave Perp. Force (lbs)	Stiffness (lb/in)	Static Loss lbs.	Stabilization Loss (lbs)	Impact Loss (lbs).	Total Loss (lbs)	Tension Loss (%)	Energy Return (%)	String/String COF	String/Ball COF	Spin Potential
Weiss Cannon Ultra Cable 17 (1.23)	51	Fast	Polyester	1.23		0.0	0.0	0.0	26.90	36.7	33.8	49.2	76.1	32.1	14.7	174.9	3.66	20.16	0.37	24.3	47.7	82.8	0.065	0.774	11.9
Volkl V-Square 16 (1.30)	51	Fast	Polyester	1.3	1.26	7.3	7.6	3.3	26.68	36.4	33.1	51.6	78.3	32.4	14.8	190.9	6.84	17.20	0.24	24.3	47.9	83.7	0.069	0.781	11.3
Weiss Cannon Blue Rock N Power	51	Fast	Polyester	1.2	1.24	2.4	10.0	8.2	37.26	33.0	30.2	50.3	87.5	33.1	16.4	224.0	3.97	9.49	0.22	13.7	27	88.7	0.059	0.654	11.1
Babolat RPM Blast Rough 17	51	Fast	Polyester	1.25	1.19	1.5	2.1	4.5	32.96	34.4	32.0	49.2	82.2	32.9	15.7	196.0	5.23	12.53	0.33	18.1	35.7	86.1	0.057	0.564	9.9
Tecnifibre Black Code 4S 17 (1.25)	51	Fast	Polyester	1.25	NA	2.1	3.3	3.9	36.82	34.0	31.9	52.5	89.3	35.7	17.0	209.2	4.85	9.05	0.48	14.3	28.3	88.9	0.067	0.658	9.8
Toroline O-Toro 17 (1.23)	51	Fast	Polyester	1.23		0.0	0.0	0.0	28.33	37.1	33.9	47.0	75.2	31.9	14.7	165.7	4.96	17.43	0.15	22.5	44.4	84.3	0.064	0.601	9.4
Diadem Elite XT 17	51	Fast	Polyester	1.2	1.26	2.4	7.6	2.7	34.79	34.8	32.1	47.8	82.7	33.1	15.6	189.2	3.90	12.03	0.17	16.1	31.7	89.3	0.075	0.695	9.3
Tecnifibre Black Code 4S 16 (1.30)	51	Fast	Polyester	1.3	1.33	2.7	3.9	6.1	38.04	32.9	30.2	54.7	92.6	35.0	16.7	242.9	3.75	8.93	0.27	13.0	25.5	89.5	0.073	0.674	9.2
Volkl Cyclone 18L (1.15)	51	Fast	Polyester	1.15	1.21	2.1	3.3	8.5	35.99	34.6	32.0	47.4	83.3	33.3	15.9	188.0	3.15	11.58	0.20	15.0	29.4	88.2	0.071	0.641	9
Volkl Cyclone Tour 16 (1.30)	51	Fast	Polyester	1.3	1.39	5.8	7.3	7.9	24.70	37.6	34.2	48.1	72.8	31.1	14.4	167.4	6.39	19.63	0.40	26.5	52.1	83.2	0.068	0.592	8.7
Diadem Elite XT 16	51	Fast	Polyester	1.3	1.32	5.2	6.7	3.3	30.38	35.1	32.1	52.0	82.5	33.1	15.4	204.6	6.68	13.66	0.15	20.5	40.4	85.9	0.075	0.654	8.7
Diadem Solstice Power 17 (1.20)	51	Fast	Polyester	1.2	NA	1.5	2.7	3.3	36.76	34.2	32.0	49.6	86.4	34.5	16.0	196.6	4.26	9.70	0.51	14.6	28.5	87.4	0.073	0.626	8.6
MSV Focus-Hex 16 (1.27)	51	Fast	Polyester	1.27		0.0	0.0	0.0	29.06	35.9	33.0	49.6	78.7	32.5	15.8	185.7	6.70	14.96	0.28	21.8	43.3	84.6	0.071	0.61	8.6
Weiss Cannon Red Ghost 17L (1.18)	51	Fast	Polyester	1.18	1.31	1.5	7.3	3.3	33.76	35.0	32.1	48.3	82.0	33.0	15.6	189.7	3.59	13.37	0.27	17.2	34	87.2	0.073	0.622	8.5
Volkl V-Torque Tour 16 (1.30)	51	Fast	Polyester	1.3	1.34	1.8	8.8	9.4	31.53	35.1	32.1	46.7	78.3	31.4	15.3	184.0	5.58	13.61	0.24	19.4	38.3	88.2	0.074	0.626	8.5
Pacific Poly Power Pro 16 (1.30)	51	Fast	Polyester	1.3	1.24	1.8	3.6	5.8	29.00	35.7	32.9	51.8	80.9	33.2	15.6	194.9	6.13	15.59	0.45	22.3	43.7	85.0	0.059	0.489	8.3
Luxilon ECO Power 17 (1.25)	51	Fast	Polyester	1.25	1.27	8.5	10.3	10.0	33.52	34.8	32.2	49.8	83.3	33.5	15.8	194.9	4.17	13.03	0.31	17.4	34.5	86.3	0.062	0.512	8.3
Volkl Cyclone 19 (1.10)	51	Fast	Polyester	1.1	NA	2.4	3.3	4.5	34.46	35.0	32.0	46.3	80.7	32.3	15.7	182.9	4.61	11.65	0.57	16.8	33.2	88.5	0.071	0.582	8.2
Babolat RPM Blast Rough 16	51	Fast	Polyester	1.3		0.0	0.0	0.0	36.05	33.6	31.0	49.6	85.8	33.2	16.4	209.7	3.84	10.83	0.28	15.0	29.5	90.1	0.07	0.577	8.2
Toroline O-Toro Spin 17 (1.23)	51	Fast	Polyester	1.23	1.32	3.9	3.3	7.6	31.53	35.9	33.0	46.3	77.8	32.1	14.8	173.2	3.77	15.42	0.26	19.4	38.3	85.4	0.084	0.687	8.2
Grapplesnake Tour M8 17 (1.25)	51	Fast	Polyester	1.25	1.26	2.4	2.4	3.9	33.63	34.1	31.9	52.7	86.2	34.4	15.7	210.3	5.62	11.47	0.33	17.4	34.3	87.0	0.066	0.544	8.2
Diadem Solstice Power 16 (1.30)	51	Fast	Polyester	1.3	NA	1.8	3.0	3.6	36.27	34.4	32.0	51.2	87.3	34.9	16.9	202.9	4.76	9.69	0.57	15.0	29.6	88.0	0.08	0.645	8.1
Solinco Revolution 16L (1.25)	51	Fast	Polyester	1.25		0.0	0.0	0.0	36.49	33.7	31.5	52.0	88.6	34.9	16.4	212.6	4.12	10.11	0.20	14.3	28.4	88.5	0.068	0.542	8
Prince Vortex 16 (1.30)	51	Fast	Polyester	1.3	1.41	1.2	4.2	9.4	21.30	37.4	34.0	53.4	74.7	31.7	13.8	188.0	7.59	21.83	0.24	29.5	58.5	80.6	0.069	0.549	8
Volkl Cyclone Tour 18 (1.20)	51	Fast	Polyester	1.2	1.31	2.7	4.8	3.9	25.25	37.8	34.5	46.5	71.9	31.0	14.3	159.4	6.33	19.14	0.55	26.0	51.3	84.6	0.073	0.572	7.8
Double AR Diablo (1.31)	51	Fast	Polyester	1.31	NA	2.4	4.8	7.0	23.28	38.0	34.1	48.5	71.9	30.7	13.8	169.7	7.81	19.63	0.79	28.2	55.7	81.0	0.08	0.615	7.7
Wilson Revolve 17 (1.25)	51	Fast	Polyester	1.25	NA	1.8	3.6	4.5	32.90	35.0	32.1	48.5	81.4	32.6	15.6	192.0	5.95	11.87	0.55	18.3	36.2	87.2	0.066	0.507	7.7
MSV Focus-Hex +38 16L (1.25)	51	Fast	Polyester	1.25		0.0	0.0	0.0	23.81	37.5	34.0	49.2	73.0	31.0	14.2	173.2	7.41	19.50	0.22	27.1	53.5	81.5	0.08	0.613	7.7
Toroline O-Toro Tour 17 (1.23)	51	Fast	Polyester	1.23	1.27	2.7	2.4	5.2	38.26	33.3	31.0	50.9	89.3	34.6	16.2	216.6	3.06	9.40	0.20	12.6	25	86.5	0.079	0.608	7.7
Yonex Poly Tour Drive 16L (1.25)	51	Fast	Polyester	1.25	1.30	1.5	3.0	3.3	27.01	36.0	33.0	52.5	79.4	32.7	14.9	195.5	6.88	16.83	0.18	23.8	47.1	84.1	0.066	0.5	7.6
Kirschbaum Spiky Shark 16	51	Fast	Polyester	1.3	1.31	1.8	3.3	3.9	27.32	35.5	32.0	54.5	81.8	32.7		216.0	8.36	15.04	0.64	24.0	47.4	85.6	0.072	0.541	7.5
Solinco Hyper-G 18 (1.15)	51	Fast	Polyester	1.15	NA	7.3	2.7	4.5	36.65	35.1	32.6	47.2	83.8	34.2	17.2	180.0	2.95	11.12	0.27	14.3	28.3	88.4	0.082	0.617	7.5
MSV Focus-Hex 16 (1.23)	51	Fast	Polyester	1.23	1.28	7.0	2.4	12.1	36.16	33.6	31.1	52.0	88.2	34.2	16.8	218.9	4.15	10.41	0.20	14.8	29.1	89.1	0.082	0.619	7.5
Head Hawk Power 17 (1.25)	51	Fast	Polyester	1.25	1.31	6.4	9.1	2.7	26.35	35.8	33.0	54.5	80.9	33.3	15.0	203.5	7.06	17.31	0.11	24.5	48.3	81.7	0.073	0.545	7.5
Kirschbaum Spiky Shark 17	51	Fast	Polyester	1.25	1.30	2.4	4.5	6.1	24.30	36.4	32.9	52.7	77.2	31.7		197.7	10.65	15.77	0.71	27.1	53.5	83.5	0.072	0.533	7.4
Double AR Diablo (1.24)	51	Fast	Polyester	1.24	NA	2.4	4.2	6.7	23.31	38.3	34.2	48.1	71.4	30.6	14.2	166.9	8.45	18.96	0.71	28.2	55.4	79.4	0.084	0.619	7.4
Tecnifibre Razor Soft 17 (1.25)	51	Fast	Polyester	1.25		0.0	0.0	0.0	34.18	34.0	31.7	52.5	86.7	34.4	16.1	212.0	5.14	11.40	0.36	17.0	33.3	88.4	0.07	0.517	7.4
Double AR WTS 25 (1.25)	51	Fast	Polyester	1.25	NA	2.7	4.5	7.0	22.89	38.1	34.2	48.3	71.0	30.4	14.0	168.0	8.67	19.16	0.84	28.7	56.5	80.3	0.077	0.564	7.3
Diadem Solstice Pro 16L (1.25)	51	Fast	Polyester	0	NA	2.4	3.6	4.5	35.32	35.3	32.9	47.6	82.9	34.2	16.8	178.9	4.37	11.03	0.55	15.9	31.4	89.1	0.081	0.589	7.3
Diadem Solstice Power 16L (1.25)	51	Fast	Polyester	1.25		0.0	0.0	0.0	37.26	33.6	31.4	50.9	88.2	34.7	16.2	209.2	3.57	9.89	0.28	13.7	27.1	88.5	0.076	0.555	7.3
MSV Focus Hex Soft 17L (1.20)	51	Fast	Polyester	1.2	1.34	1.8	7.3	8.8	37.90	33.9	31.8	48.5	86.4	34.4	16.6	194.3	3.29	9.53	0.28	13.0	25.8	89.7	0.081	0.594	7.3
Signum Pro Plasma HEXtreme 16 (1.30)	51	Fast	Polyester	1.3	1.37	7.9	2.7	NA	38.48	33.2	30.8	52.9	91.3	35.2	16.5	225.7	3.64	8.60	0.33	12.6	24.8	88.9	0.081	0.594	7.3
Solinco Tour Bite Soft 18 (1.15)	51	Fast	Polyester	1.15	1.32	7.6	7.6	11.5	35.17	35.5	33.0	46.1	81.4	33.5	15.9	172.0	3.18	12.37	0.33	15.9	31.3	88.4	0.092	0.674	7.3
Babolat RPM Blast Rough 15L	51	Fast	Polyester	1.35	1.30	1.5	2.4	9.4	32.24	34.4	31.9	50.1	82.5	32.9	16.0	199.5	5.38	13.10	0.31	18.7	37	86.3	0.072	0.523	7.3
Babolat RPM Blast 15L (1.35)	51	Fast	Polyester	1.35	1.44	3.0	5.5	3.3	34.07	33.5	31.1	56.0	90.2	35.0	16.3	236.6	4.48	12.17	0.02	16.8	32.9	86.1	0.072	0.529	7.3
Solinco Hyper-G 16 Round (1.30)	51	Fast	Polyester	1.3	1.35	8.8	9.1	10.6	34.62	33.8	30.9	53.4	88.0	34.0	16.4	226.3	4.37	11.73	0.27	16.3	32.3	88.0	0.066	0.484	7.3
Double AR Twice Dragon(1.30)	51	Fast	Polyester	1.3	NA	2.1	4.5	6.4	25.38	37.3	34.0	48.7	74.1	31.5	14.4	170.9	7.36	17.98	0.62	26.0	51.2	83.2	0.071	0.51	7.2
MSV Co-Focus 17L (1.18)	51	Fast	Polyester	1.18		0.0	0.0	0.0	35.24	34.8	32.3	47.6	82.9	33.4	16.4	185.7	3.46	12.02	0.25	15.7	31	88.5	0.068	0.493	7.2
Solinco Tour Bite 19 (1.10)	51	Fast	Polyester	1.1	1.3	8.8	9.1	3.6	34.73	35.7	33.0	46.1	80.7	33.3	16.1	171.5	3.31	12.68	0.33	16.3	32.2	89.9	0.09	0.649	7.2
Wilson Revolve 16 (1.30)	51	Fast	Polyester	1.3	1.30	7.0	8.8	3.6	28.11	36.1	33.2	49.8	78.1	32.4	14.9	184.0	6.48	16.13	0.33	22.9	45.2	85.2	0.06	0.43	7.2
Yonex Polytour Rev 16L (1.25)	51	Fast	Polyester	1.25	NA	2.4	8.5	2.7	33.34	34.8	32.0	48.7	82.0	32.8	15.6	193.2	5.12	12.26	0.07	17.4	34.4	87.6	0.074	0.533	7.2
Volkl Cyclone 18	51	Fast	Polyester	1.2	1.21	3.3	4.2	5.8	26.75	36.4	32.8	48.1	74.7	30.7		181.2	8.31	15.66	0.44	24.5	48.1	84.6	0.082	0.58	7.1
Diadem Solstice Power 15L (1.35)	51	Fast	Polyester	1.35		0.0	0.0	0.0	35.92	33.3	31.0	54.0	90.0	34.9	16.1	228.6	4.70	10.10	0.22	15.0	29.6	88.9	0.072	0.508	7.1
Diadem Solstice Pro 15L (1.35)	51	Fast	Polyester	1.35	1.32	6.1	3.2	9.1	36.71	34.4	32.0	48.5	85.3	34.1	16.2	192.6	3.97	10.04	0.22	14.3	28	88.9	0.077	0.544	7.1
Gamma Ocho 17 (1.25)	51	Fast	Polyester	1.25	1.32	6.7	7.6	9.4	40.35	32.6	30.0	51.4	91.7	34.4	16.8	231.5	2.60	7.77	0.31	10.6	21	89.1	0.079	0.561	7.1
Kirschbaum Xplosive Speed 1.25	51	Fast	Polyester	1.25	1.29	1.5	3.0	3.3	29.86	35.6	33.0	49.8	79.6	32.9	15.2	185.7	7.34	13.52	0.14	20.9	41.4	86.5	0.082	0.585	7.1
Head Lynx Tour 17 (1.25)	51	Fast	Polyester	1.25	1.33	1.8	4.2	6.1	38.46	33.3	30.9	51.2	89.5	34.6	16.5	217.7	3.35	8.91	0.20	12.3	24.6	89.7	0.079	0.564	7.1
IsoSpeed Pyramid 16	51	Fast	Polyester	1.3	1.30	2.7	3.9	6.1	22.09	38.2	34.0	49.8	71.9	30.6		174.9	10.32	18.31	0.79	29.3	58	83.5	0.081	0.571	7
Head Lynx 16 (1.30)	51	Fast	Polyester	1.3	NA	2.4	4.2	5.8	28.33	36.0	33.0	49.8	78.3	32.2	14.8	185.7	7.17	15.22	0.72	23.2	45.6	85.0	0.075	0.525	7
Solinco Hyper-G 16	51	Fast	Polyester	16	NA	1.5	2.7	3.3	37.88	33.3	30.9	51.8	89.5	34.6	16.5	219.5	3.95	8.89	0.51	13.2	26.3	89.3	0.09	0.631	7
Gamma Moto Soft 17 (1.24)	51	Fast	Polyester	1.24		0.0	0.0	0.0	33.34	35.2	32.7	48.5	81.8	33.5	16.0	184.0	4.43	12.95	0.26	17.6	34.8	87.0	0.085	0.599	7
Luxilon Element Rough 16 (1.30)	51	Fast	Polyester	1.3	1.38	NA	NA	7.6	33.30	34.2	31.9	49.8	83.1	33.2	16.4	198.3	4.45	12.97	0.29	17.6	34.9	87.6	0.07	0.487	7
Babolat RPM Blast Orange 16 (1.30)	51	Fast	Polyester	1.3	1.34	1.5	2.4	10.0	31.29	34.8	32.0	53.1	84.5	33.8	15.5	210.3	5.51	13.92	0.29	19.6	38.9	84.3	0.071	0.496	7
Luxilon Element Soft IR 1.27	51	Fast	Polyester	1.27	1.25	7.6	3.0	3.9	28.44	35.9	32.9	52.7	81.1	33.5	15.5	197.7	5.53	16.75	-0.11	22.3	43.7	82.8	0.072	0.503	7
Solinco Tour Bite 16 Soft	51	Fast	Polyester	1.3	NA	2.4	4.5	5.8	25.82	36.2	33.0	49.2	75.0	31.0	14.8	184.0	7.06	17.84	0.62	25.6	50.3	83.7	0.08	0.549	6.9
Volkl V-Star 16 (1.30)	51	Fast	Polyester	1.3	NA	2.4	4.2	6.1	23.75	37.6	34.1	49.2	73.0	31.1	14.0	172.6	8.49	18.48	0.66	27.6	54.5	82.8	0.073	0.501	6.9
Luxilon Alu Power Soft 1.25	51	Fast	Polyester	1.25	NA	2.1	3.6	4.5	32.63	34.9	32.0	50.1	82.7	33.1	15.5	197.7	5.53	12.56	0.48	18.5	36.6	88.2	0.074	0.514	6.9
Gamma Ocho 16 (1.30)	51	Fast	Polyester	1.3		0.0	0.0	0.0	38.92	32.5	30.0	53.8	92.6	34.8	16.7	242.9	3.55	8.25	0.05	11.9	23.3	90.4	0.079	0.549	6.9
Kirschbaum Max Power Rough 18 (1.20)	51	Fast	Polyester	1.2	NA	8.2	9.4	3.0	36.82	33.9	32.0	49.2	86.0	34.3	15.6	195.5	3.59	10.31	0.22	14.1	27.8	89.9	0.074	0.501	6.8
Tourna Big HItter Silver 16	51	Fast	Polyester	1.25	1.33	1.8	3.0	5.2	37.60	33.7	31.0	49.6	87.1	33.8	16.3	209.2	3.13	9.99	0.23	13.2	26.3	88.0	0.075	0.507	6.8
Luxilon LXN Smart 16L (1.25)	51	Fast	Polyester	1.25	1.33	2.1	4.5	3.3	29.44	35.2	32.4	52.0	81.4	33.0	15.5	201.2	7.32	13.96	0.40	21.6	42.7	86.5	0.079	0.54	6.8
Solinco Tour Bite 16	51	Fast	Polyester	1.3	1.34	1.8	3.3	4.2	27.39	35.8	32.0	51.2	78.5	31.4		202.9	9.46	13.87	0.56	23.8	47.1	85.0	0.085	0.573	6.7
L-Tec Premium 4S 16L (1.25)	51	Fast	Polyester	1.25	NA	1.8	3.0	4.2	33.23	33.5	30.1	52.0	85.3	32.0		233.7	5.78	11.71	0.42	17.9	35.3	87.2	0.071	0.479	6.7
Luxilon 4G Soft 1.25	51	Fast	Polyester	1.25	NA	1.5	2.4	3.0	38.17	33.5	31.0	51.4	89.5	34.7	16.4	217.2	3.62	8.93	0.35	13.0	25.4	90.1	0.078	0.522	6.7
Prince Tour XP 17 (1.25)	51	Fast	Polyester	1.25		0.0	0.0	0.0	32.74	35.4	32.4	48.7	81.6	33.0	15.6	189.2	3.97	14.01	0.33	18.3	36.1	86.9	0.073	0.486	6.7
Prince Tour XR 15L (1.35)	51	Fast	Polyester	1.35	1.36	8.5	10.0	9.4	26.46	35.7	32.3	54.7	81.1	32.7	15.1	213.2	6.62	17.64	0.37	24.7	48.6	81.9	0.073	0.488	6.7
Gamma Jet 16L (1.28)	51	Fast	Polyester	1.28	1.27	7.0	2.4	4.5	31.80	35.0	32.0	49.8	81.6	32.7	15.6	197.7	5.25	13.67	0.16	19.0	37.6	87.6	0.076	0.507	6.7
Grapplesnake Alpha 17 (1.25)	51	Fast	Polyester	1.25	1.32	1.5	NA	6.7	36.21	33.7	31.1	52.0	88.4	34.4	16.1	218.3	4.41	10.10	0.40	15.0	29.4	89.3	0.079	0.532	6.7
Solinco Revolution 17	51	Fast	Polyester	1.2	1.25	2.1	3.6	5.5	25.91	36.7	33.0	50.3	76.3	31.4		188.6	9.48	15.33	0.55	25.4	50	83.4	0.072	0.476	6.6
Luxilon Element 1.30	51	Fast	Polyester	1.3	NA	1.5	3.0	4.5	28.78	35.9	33.1	51.6	80.5	33.3	15.3	191.5	6.75	15.19	0.56	22.5	44.3	86.5	0.068	0.446	6.6
Gosen Lumina Spin 16L (1.26)	51	Fast	Polyester	1.26		0.0	0.0	0.0	25.71	36.6	33.9	50.5	76.1	32.3	14.6	178.3	8.16	16.85	0.35	25.4	50	85.9	0.074	0.491	6.6
Pacific XCite 16 (1.30)	51	Fast	Polyester	1.3	1.30	1.4	2.4	5.5	37.46	33.4	31.0	52.0	89.5	34.7	16.9	220.0	3.53	9.73	0.31	13.5	26.7	87.6	0.076	0.499	6.6
Solinco Outlast 18 (1.15)	51	Fast	Polyester	1.15	1.22	2.1	10.6	11.8	37.37	34.6	32.2	47.6	84.9	34.2	17.1	186.3	3.09	10.26	0.30	13.7	26.9	90.6	0.077	0.509	6.6
MSV Focus Hex 17L (1.18)	51	Fast	Polyester	1.18	NA	1.8	3.0	3.6	37.22	33.3	30.1	49.8	87.1	32.7	16.4	224.0	3.70	9.80	0.44	13.9	27.5	88.2	0.072	0.466	6.5
Solinco Outlast 16L (1.25)	51	Fast	Polyester	1.25		0.0	0.0	0.0	36.34	33.9	31.8	51.6	88.0	35.0	16.6	208.0	4.04	10.34	0.22	14.6	28.8	88.7	0.073	0.474	6.5
Volkl V-Star 18L (1.15)	51	Fast	Polyester	1.15	1.27	7.0	8.2	9.7	34.07	35.4	32.6	45.6	79.8	32.5	15.5	174.3	3.55	13.10	0.16	16.8	33.1	88.5	0.079	0.511	6.5
Volkl V-Star 19 (1.10)	51	Fast	Polyester	1.1	1.27	4.8	6.4	8.5	32.96	35.9	33.0	44.8	77.6	32.1	15.4	166.9	3.09	14.67	0.33	18.1	35.7	88.9	0.08	0.523	6.5
Tecnifibre Pro Red Code Wax 17	51	Fast	Polyester	1.25	NA	4.5	3.6	9.1	36.16	33.1	31.0	55.8	91.9	35.6	16.7	235.5	4.45	10.11	0.04	14.6	28.8	87.8	0.077	0.503	6.5
Luxilon ALU Power Rough 16L (1.25)	51	Fast	Polyester	1.25	1.32	7.6	10.3	8.5	30.87	34.9	32.2	53.1	84.0	33.8	15.6	209.2	5.60	14.25	0.22	20.1	39.6	87.4	0.077	0.498	6.5
Solinco Revolution 16	51	Fast	Polyester	1.3	1.33	1.8	2.4	NA	27.30	35.4	32.0	54.5	81.8	32.7		215.5	8.33	15.09	0.62	24.0	47.4	84.3	0.07	0.451	6.4
Prince Tour XT 18	51	Fast	Polyester	1.18	NA	2.1	3.0	4.2	31.84	35.4	32.5	47.8	79.6	32.4	15.3	184.0	4.74	14.14	0.48	19.4	38.2	88.0	0.067	0.427	6.4
Gamma Moto Soft 16 (1.29)	51	Fast	Polyester	1.29		0.0	0.0	0.0	34.99	34.4	32.0	50.3	85.3	34.1	16.4	200.0	4.19	11.54	0.22	15.9	31.4	88.0	0.088	0.567	6.4
Gamma IO 18 (1.18)	51	Fast	Polyester	1.18	1.4	NA	NA	9.4	35.61	34.6	32.0	47.6	83.1	33.3	16.0	188.6	3.86	11.25	0.33	15.4	30.4	87.6	0.068	0.436	6.4
Head Hawk 16 (1.30)	51	Fast	Polyester	1.3	1.33	7.0	8.5	10.9	36.71	33.3	30.6	53.1	89.7	34.4	16.3	230.3	4.19	9.82	0.46	14.6	28.5	88.0	0.071	0.454	6.4
LaserFibre Vorso 16 (1.28)	51	Fast	Polyester	1.28	1.32	8.8	10.0	4.2	24.78	36.8	34.0	51.4	76.1	32.4	14.8	180.6	6.50	19.44	0.19	26.2	51.5	85.2	0.078	0.501	6.4
Solinco Confidential 16 (1.30)	51	Fast	Polyester	1.3	1.26	1.4	2.7	3.2	39.67	32.9	30.4	50.5	90.2	34.3	16.7	222.3	2.80	8.25	0.22	11.2	22.2	89.5	0.1	0.637	6.4
Solinco Tour Bite 17	51	Fast	Polyester	1.2	1.23	2.4	4.5	5.8	26.72	36.8	33.0	48.7	75.4	31.1		181.2	8.31	15.69	0.66	24.7	48.6	85.2	0.079	0.499	6.3
Tourna Big Hitter Black 7 17	51	Fast	Polyester	1.23	NA	2.1	3.3	4.8	29.50	36.0	32.1	44.3	73.9	29.6	15.1	175.5	4.96	16.26	0.57	21.8	43	86.3	0.088	0.552	6.3
MSV Focus Hex Soft 17 (1.25)	51	Fast	Polyester	1.25	NA	2.1	3.0	3.9	36.21	31.9	29.8	49.8	86.0	32.1	17.6	228.0	4.63	9.88	0.42	15.0	29.4	91.4	0.075	0.469	6.3
Gamma Moto 17 (1.24)	51	Fast	Polyester	1.24		0.0	0.0	0.0	37.93	34.0	31.7	49.8	87.8	34.8	16.9	201.7	3.18	9.61	0.22	13.0	25.7	87.8	0.086	0.538	6.3
Gamma IO Soft 15L (1.40)	51	Fast	Polyester	1.4	1.33	NA	NA	10.6	34.16	33.8	31.6	53.8	88.0	34.7	16.0	219.5	4.52	12.04	0.11	16.8	32.9	88.0	0.066	0.418	6.3
Head Hawk 18 (1.20)	51	Fast	Polyester	1.2	1.31	NA	NA	9.1	36.16	34.0	31.9	48.5	84.7	33.7	16.0	194.3	3.26	11.30	0.11	14.6	28.9	88.0	0.071	0.446	6.3
Head Lynx 18 (1.20)	51	Fast	Polyester	1.2	1.29	3.9	5.2	3.5	27.78	36.4	33.8	49.2	77.0	32.6	14.9	174.9	5.60	17.34	0.17	23.2	45.6	85.2	0.074	0.469	6.3
Solinco Revolution 18 (1.16)	51	Fast	Polyester	1.16	1.32	8.2	9.4	9.7	36.49	34.3	32.0	49.2	85.8	34.3	16.1	195.5	3.42	10.81	0.35	14.6	28.7	88.9	0.078	0.494	6.3
Yonex Poly Tour Spin 16L (1.25)	51	Fast	Polyester	1.25	1.26	7.3	2.4	8.8	37.15	33.7	31.1	50.7	87.8	34.1	16.4	213.7	3.42	10.15	0.22	13.7	27.2	88.5	0.1	0.632	6.3
Signum Pro Yellow Jacket 17g (1.22)	51	Fast	Polyester	1.22	1.33	1.8	2.7	8.5	34.40	34.5	32.0	49.6	84.0	33.6	15.6	197.7	4.23	12.09	0.22	16.5	32.6	88.4	0.097	0.614	6.3
Volkl Cyclone 16	51	Fast	Polyester	1.3	1.30	2.1	3.0	4.5	27.03	36.1	32.1	50.1	77.2	30.9		197.2	9.22	14.47	0.61	24.3	47.9	83.5	0.085	0.528	6.2
Y-Tex Quadro Twist 16L	51	Fast	Polyester	1.26	NA	2.4	4.5	6.1	26.83	36.3	33.8	49.8	76.7	32.4	14.8	177.7	8.82	15.07	0.70	24.5	48.5	84.8	0.069	0.425	6.2
Klip K-Boom 18 (1.20)	51	Fast	Polyester	1.2		0.0	0.0	0.0	35.10	34.7	32.0	48.1	83.3	33.3	15.6	190.3	3.37	12.25	0.37	15.9	31.5	87.0	0.075	0.463	6.2
LaserFibre Vorso 17 (1.23)	51	Fast	Polyester	1.23	1.30	2.1	3.0	5.2	29.55	36.1	33.5	49.2	78.7	33.0	15.4	177.7	5.12	16.05	0.22	21.4	42.2	87.0	0.079	0.486	6.2
Polyfibre Black Venom Rough 16L (1.25)	51	Fast	Polyester	1.25	1.23	1.8	2.7	4.2	20.13	38.5	35.4	49.8	69.9	30.9	13.7	162.3	8.38	22.21	0.26	30.9	60.8	80.8	0.085	0.531	6.2
Genesis Black Magic 16 (1.29)	51	Fast	Polyester	1.29	1.28	1.5	2.4	3.0	32.63	34.5	32.0	52.3	84.9	34.0	15.8	207.5	5.38	12.71	0.22	18.3	36.1	86.1	0.08	0.494	6.2
Signum Pro X-Perience 17 (1.24)	51	Fast	Polyester	1.24	1.45	7.0	5.5	6.7	38.48	33.0	30.2	50.5	89.1	33.6	16.5	224.6	3.46	8.78	0.55	12.8	25.2	87.8	0.087	0.536	6.2
Head Lynx Touch 16g (1.30)	51	Fast	Polyester	1.3	1.23	2.7	5.2	6.7	35.02	33.8	31.0	52.5	87.5	34.0	16.1	221.7	4.76	10.94	0.16	15.9	31.3	87.4	0.083	0.511	6.2
Gamma Zo Tour Rough 16	51	Fast	Polyester	1.28	1.32	2.7	4.8	6.7	26.59	36.3	33.0	50.1	76.7	31.6		186.9	9.33	14.80	0.66	24.7	48.9	85.9	0.083	0.505	6.1
Volkl Cyclone Tour 17 (1.25)	51	Fast	Polyester	1.25	NA	2.4	4.8	7.0	24.56	36.9	33.8	48.1	72.5	30.6	14.6	170.9	7.12	19.04	0.50	26.7	52.6	82.6	0.078	0.472	6.1
Gamma Zo Verve 17	51	Fast	Polyester	1.25	NA	1.5	2.1	3.0	38.23	32.6	30.1	51.4	89.5	33.6	16.7	230.9	3.22	9.27	0.37	12.8	25.3	89.5	0.082	0.502	6.1
Gamma IO Soft 16 (1.28)	51	Fast	Polyester	1.28		0.0	0.0	0.0	33.74	34.7	32.0	50.5	84.2	33.7	15.6	200.0	4.41	12.57	0.11	17.2	33.7	88.9	0.069	0.419	6.1
Kirschbaum Max Power 18 (1.20)	51	Fast	Polyester	1.2	1.34	NA	NA	8.8	39.91	32.9	30.6	52.0	91.9	35.1	16.5	226.3	2.87	7.94	0.26	11.0	21.8	89.1	0.08	0.491	6.1
Solinco Hyper-G 17 (1.20)	51	Fast	Polyester	1.2	1.30	2.0	3.6	4.2	37.93	34.1	32.0	49.0	87.1	34.8	16.0	194.9	2.80	9.99	0.22	13.0	25.7	88.4	0.088	0.541	6.1
Tecnifibre Black Code 15L (1.32)	51	Fast	Polyester	1.32	1.26	1.8	8.2	8.8	35.94	33.9	31.6	51.8	87.8	34.7	16.2	210.3	3.92	10.86	0.20	15.0	29.5	87.6	0.094	0.578	6.1
Tecnifibre Black Code 4S 18 (1.20)	51	Fast	Polyester	1.2	1.20	0.9	4.8	11.5	38.04	33.5	31.0	49.6	87.8	34.0	16.4	210.3	3.64	9.04	0.22	13.0	25.4	88.4	0.087	0.532	6.1
Tecnifibre Razor Code 18 (1.20)	51	Fast	Polyester	1.2	1.30	2.1	3.3	3.0	36.71	33.6	31.1	51.4	88.2	34.2	16.6	216.6	3.64	10.37	0.35	14.3	28.3	88.7	0.083	0.509	6.1
Wilson Revolve 15 (1.35)	51	Fast	Polyester	1.35	1.14	5.8	3.3	4.8	29.99	35.6	32.4	49.6	79.6	32.2	15.4	192.0	5.73	15.00	0.38	21.2	41.6	86.3	0.069	0.418	6.1
Solinco Hyper-G 16L (1.25)	51	Fast	Polyester	1.25	NA	7.3	7.6	3.9	38.50	33.3	30.9	51.2	89.7	34.6	16.6	218.3	3.35	8.87	0.31	12.6	24.7	89.5	0.09	0.55	6.1
Head Lynx Tour 16 (1.30)	51	Fast	Polyester	1.3	1.30	6.7	4.8	9.4	35.28	33.4	30.9	53.8	89.1	34.4	16.8	228.6	4.41	11.03	0.02	15.4	30.5	87.6	0.085	0.519	6.1
Solinco Outlast 16	51	Fast	Polyester	1.3	1.35	1.5	2.7	3.9	27.28	35.6	32.0	52.5	79.6	31.9		208.0	8.16	15.28	0.56	24.0	47.3	86.7	0.069	0.416	6
Kirschbaum Max Power Rough 16 (1.30)	51	Fast	Polyester	1.3	NA	6.1	3.0	10.3	36.60	33.1	31.0	54.7	91.3	35.3	17.0	230.9	4.41	9.71	0.22	14.3	28.3	87.8	0.078	0.468	6
Tourna Black Zone 17	51	Fast	Polyester	1.2	1.23	1.5	2.7	3.9	35.02	34.8	32.0	47.0	82.0	32.8	15.8	186.9	3.40	12.30	0.29	15.9	31.5	88.0	0.08	0.477	6
Volkl V-Torque 18 (1.18)	51	Fast	Polyester	1.18	1.35	6.4	7.3	8.2	27.89	37.3	34.1	45.0	73.0	31.1	14.6	157.2	4.85	17.98	0.33	23.2	45.7	85.7	0.083	0.502	6
Solinco Mach 10 16 (1.30)	51	Fast	Polyester	1.3	1.32	5.5	6.7	NA	37.71	33.6	29.0	46.1	83.8	30.3	15.7	222.3	4.41	8.60	0.36	13.5	26.3	87.0	0.081	0.486	6
Signum Pro Plasma HEXtreme 16L/1.25	51	Fast	Polyester	1.25	1.24	1.8	2.4	3.3	30.10	35.2	32.0	51.6	81.8	32.7		204.6	7.45	13.17	0.44	21.2	41.5	86.1	0.076	0.451	5.9
Solinco Tour Bite 16L (1.25)	51	Fast	Polyester	1.25	NA	1.5	2.7	3.3	38.37	32.4	29.5	50.9	89.3	33.0		237.7	3.75	8.60	0.42	12.8	25.2	88.4	0.085	0.505	5.9
Prince Tour XC 17L	51	Fast	Polyester	1.22	NA	1.5	3.0	4.2	34.09	34.5	32.0	52.0	86.0	34.4	15.9	205.7	4.78	11.85	1.94	18.5	36.6	88.0	0.073	0.428	5.9
Gamma IO Soft 17 (1.23)	51	Fast	Polyester	1.23		0.0	0.0	0.0	33.74	34.9	32.1	48.7	82.5	33.1	15.7	192.6	4.41	12.57	0.22	17.2	33.9	87.2	0.075	0.44	5.9
Gamma Zo Verve 16 (1.32)	51	Fast	Polyester	1.32	1.34	NA	NA	10.3	39.67	32.9	30.5	52.7	92.2	35.2	16.7	229.2	3.09	7.96	0.20	11.2	22.2	90.4	0.076	0.446	5.9
Kirschbaum Max Power 16 (1.30)	51	Fast	Polyester	1.3	1.32	3.3	6.1	3.6	40.35	32.7	30.2	52.3	92.6	35.0	16.6	233.2	2.93	7.44	0.24	10.6	20.9	90.4	0.078	0.46	5.9
Prince Tour XR 17 (1.25)	51	Fast	Polyester	1.25	1.32	1.8	2.7	3.9	29.88	35.4	32.5	52.7	82.7	33.6	15.2	203.5	5.73	15.11	0.55	21.4	42.2	84.8	0.077	0.455	5.9
Signum Pro Tornado 18 (1.17)	51	Fast	Polyester	1.17	1.28	8.8	8.5	10.0	31.27	36.4	33.9	47.4	78.5	33.3	14.9	167.4	4.41	15.04	0.40	19.8	39.1	86.1	0.092	0.546	5.9
Luxilon ALU Power 125/16L	51	Fast	Polyester	1.25	1.23	1.8	3.0	3.9	27.52	35.5	32.7	54.9	82.5	33.7		209.2	8.58	14.62	0.42	23.6	46.6	85.0	0.077	0.446	5.8
Topspin Cyber Blue 16	51	Fast	Polyester	1.3	1.29	2.1	3.0	4.2	29.19	35.7	32.0	47.8	77.0	30.8		189.7	7.39	14.14	0.46	22.1	43.3	84.1	0.079	0.456	5.8
Volkl Cyclone 17	51	Fast	Polyester	1.25	1.24	2.4	4.2	5.5	26.83	36.2	32.1	48.5	75.4	30.3		191.5	8.36	15.53	0.52	24.5	48.1	84.5	0.084	0.488	5.8
Solinco Tour Bite 18 (1.15)	51	Fast	Polyester	1.15	1.18	3.6	5.2	6.7	25.67	37.3	33.8	45.6	71.2	30.2		161.7	8.56	16.49	0.62	25.6	50.6	84.8	0.097	0.563	5.8
Kirschbaum Black Shark 17 (1.25)	51	Fast	Polyester	1.25	NA	2.4	3.9	NA	31.66	34.3	31.0	51.4	82.9	32.2	15.9	216.6	6.11	12.95	0.42	19.4	38.4	88.2	0.072	0.421	5.8
Gamma Moto 16	51	Fast	Polyester	1.29	NA	2.1	3.3	3.9	35.61	32.0	29.9	49.8	85.6	32.0	17.3	226.9	4.96	10.15	0.51	15.7	30.8	88.7	0.079	0.461	5.8
Dunlop Black Widow 18 (1.21)	51	Fast	Polyester	1.21		0.0	0.0	0.0	35.24	34.6	32.0	49.2	84.5	33.8	16.3	194.9	2.98	12.50	0.18	15.7	30.9	89.7	0.099	0.571	5.8
Dunlop Ice 16 (1.30)	51	Fast	Polyester	1.3	1.3	NA	NA	3.3	28.33	35.4	32.5	53.1	81.4	33.0	15.3	204.6	6.33	16.06	0.66	22.9	45.4	85.0	0.073	0.425	5.8
Gosen Polylon Premium 16 (1.32)	51	Fast	Polyester	1.32	1.34	NA	NA	11.5	35.06	33.5	31.1	51.8	86.9	33.7	16.1	217.7	4.52	11.14	0.09	15.7	31	88.9	0.077	0.447	5.8
Pacific XCite 16L (1.25)	51	Fast	Polyester	1.25	1.31	1.5	2.4	5.2	36.82	34.0	31.6	50.7	87.5	34.6	17.2	206.3	3.86	10.04	0.22	14.1	27.8	87.6	0.079	0.458	5.8
Signum Pro Hyperion 18 (1.18)	51	Fast	Polyester	1.18	1.29	9.4	10.3	11.8	32.81	35.5	32.6	48.1	80.9	33.0	15.4	184.0	4.30	13.61	0.40	18.3	36.1	85.6	0.089	0.516	5.8
Solinco Tour Bite Soft 16L (1.25)	51	Fast	Polyester	1.25	1.3	6.7	8.8	8.5	36.05	34.7	32.2	48.7	84.9	34.1	16.3	192.0	3.51	11.16	0.22	15.0	29.3	88.5	0.088	0.507	5.8
Solinco Tour Bite 20 (1.05)	51	Fast	Polyester	1.05	1.33	1.8	8.5	4.2	27.23	38.5	36.0	43.4	70.6	31.8	14.3	136.0	4.83	18.66	0.51	24.0	47.3	87.2	0.093	0.543	5.8
Topspin Cyber Whirl 17 (1.24)	51	Fast	Polyester	1.24	1.26	7.3	8.5	3.6	37.26	33.8	31.9	50.9	88.2	35.1	16.1	204.0	3.77	9.69	0.26	13.7	27	87.8	0.092	0.534	5.8
Yonex Poly Tour Fire 16L (1.25)	51	Fast	Polyester	1.25	1.28	1.8	9.7	4.8	33.05	34.9	32.0	49.2	82.2	33.0	15.8	194.9	5.09	12.58	0.09	17.9	35	86.5	0.076	0.443	5.8
Grapplesnake Tour Sniper 1.25	51	Fast	Polyester	1.25	1.28	2.1	4.8	7.0	34.62	34.3	31.9	51.8	86.4	34.5	15.8	206.3	5.07	11.03	0.11	16.3	32	85.6	0.086	0.501	5.8
Kirschbaum Pro Line II 1.30	51	Fast	Polyester	1.3	1.30	1.5	2.7	5.5	27.06	35.8	32.2	53.4	80.5	32.3		209.7	8.53	15.13	0.49	24.0	47.6	85.6	0.078	0.444	5.7
MSV Hepta-Twist 17	51	Fast	Polyester	1.25	1.30	3.3	5.5	6.7	25.86	36.6	33.0	48.5	74.5	30.7		181.2	8.69	16.17	0.59	25.4	50.2	84.1	0.085	0.482	5.7
Kirschbaum Super Smash 17 (1.25)	51	Fast	Polyester	1.25	1.25	1.8	2.7	4.8	26.86	35.3	31.9	52.9	79.8	31.9		210.9	8.07	15.79	0.51	24.5	48	83.2	0.08	0.453	5.7
Double AR Twice Shark (1.25)	51	Fast	Polyester	0	NA	NA	7.6	10.6	19.12	40.2	36.1	46.1	65.3	29.4	13.3	143.4	11.03	20.57	0.77	32.4	63.8	79.7	0.086	0.494	5.7
Gamma IO 17 (1.23)	51	Fast	Polyester	1.23		0.0	0.0	0.0	35.94	34.1	31.9	49.6	85.6	34.2	16.0	197.7	3.95	10.83	0.33	15.2	29.8	89.3	0.069	0.396	5.7
Head Lynx 17 (1.25)	51	Fast	Polyester	1.25	1.36	7.3	8.5	9.1	27.12	36.2	33.7	50.1	77.2	32.5	14.7	179.5	6.35	17.25	0.22	23.8	47	84.6	0.079	0.453	5.7
Solinco Tour Bite Soft 17 (1.20)	51	Fast	Polyester	1.2	1.30	7.3	8.8	7.0	36.16	34.9	32.3	47.6	83.8	33.8	15.8	186.3	3.46	11.10	0.26	14.8	29.2	87.0	0.092	0.526	5.7
Yonex Poly Tour HS 16L (1.25)	51	Fast	Polyester	1.25	1.33	1.5	3.0	9.4	36.38	34.1	31.8	49.2	85.6	34.0	16.4	198.3	3.46	10.88	0.11	14.3	28.5	88.2	0.081	0.461	5.7
Kirschbaum Xplosive Speed 1.30	51	Fast	Polyester	1.3	1.31	2.4	10.3	3.9	29.11	35.5	32.9	51.4	80.5	33.1	15.3	193.2	8.56	13.05	0.36	22.1	43.3	86.9	0.102	0.577	5.7
Signum Pro Poly-Plasma Pure 16L	51	Fast	Polyester	1.28	1.31	1.5	2.4	3.3	30.63	34.5	31.1	52.7	83.3	32.4		221.2	7.50	12.59	0.51	20.5	40.6	85.6	0.083	0.467	5.6
IsoSpeed Black Fire 17	51	Fast	Polyester	1.25	NA	2.1	3.0	4.5	31.38	34.5	31.6	50.1	81.6	32.2	15.6	204.6	5.31	14.03	0.60	19.8	39.3	86.5	0.069	0.386	5.6
Volkl V-Torque 16	51	Fast	Polyester	1.28	NA	4.5	7.0	8.8	26.11	35.2	32.2	46.3	72.5	29.2	15.5	181.7	7.23	17.38	0.62	25.1	49.7	87.4	0.087	0.487	5.6
Tourna Black Zone 16	51	Fast	Polyester	1.3	NA	1.5	2.4	3.3	36.29	34.2	31.9	49.4	85.6	34.1	15.7	197.2	4.15	10.28	0.52	15.0	29.5	88.2	0.075	0.417	5.6
Gosen Poly Professional 17 (1.24)	51	Fast	Polyester	1.24		0.0	0.0	0.0	28.33	36.3	33.8	47.4	75.6	32.0	14.9	169.2	6.04	16.35	0.22	22.5	44.6	86.5	0.081	0.451	5.6
Kirschbaum Max Power Rough 17 (1.25)	51	Fast	Polyester	1.25	1.29	1.5	2.7	2.7	37.62	33.2	31.0	52.9	90.4	35.1	16.8	223.5	4.08	9.02	0.29	13.5	26.4	89.7	0.088	0.496	5.6
Solinco Barb Wire 16L (1.25)	51	Fast	Polyester	1.25	1.26	2.7	4.2	3.6	34.00	35.3	32.8	48.3	82.2	33.7	15.4	182.9	4.01	12.71	0.29	17.0	33.5	85.4	0.105	0.59	5.6
Topspin Cyber Delta 17 (1.26)	51	Fast	Polyester	1.25	1.3	7.0	8.5	9.4	33.41	34.9	32.1	51.2	84.5	34.0	15.8	200.6	5.07	12.24	0.29	17.6	34.7	87.8	0.09	0.504	5.6
Tecnifibre Razor Code 17 (1.25)	51	Fast	Polyester	1.25	1.2	2.4	2.7	8.8	35.94	33.4	31.0	54.2	90.2	34.9	16.3	229.2	4.06	10.72	0.22	15.0	29.6	88.7	0.086	0.48	5.6
Tourna Big HItter Black 7 16 (1.25)	51	Fast	Polyester	1.25	1.16	NA	7.0	4.5	38.59	33.2	30.6	51.6	90.2	34.5	16.6	222.9	3.06	9.07	0.22	12.3	24.3	88.9	0.109	0.608	5.6
Weiss Cannon Mosquito Bite 18 (1.16)	51	Fast	Polyester	1.16	1.33	6.1	7.0	9.7	33.08	35.4	32.6	47.8	80.9	32.9	15.7	182.3	4.15	13.49	0.34	17.9	35.4	87.8	0.089	0.495	5.6
Tecnifibre Ice Code 16 (1.30)	51	Fast	Polyester	1.3	1.25	1.5	2.4	4.5	33.30	33.8	31.5	54.0	87.3	34.3	16.0	221.2	5.29	12.13	0.34	17.9	35	88.0	0.086	0.482	5.6
Gosen Polylon Comfort 16	51	Fast	Polyester	1.3	1.32	3.0	5.8	7.3	23.90	36.9	33.5	52.3	76.1	31.8		189.2	10.80	16.02	0.64	27.3	54.1	83.2	0.073	0.402	5.5
Solinco Outlast 17	51	Fast	Polyester	1.2	1.24	2.4	4.2	5.8	25.73	36.9	33.0	49.0	74.7	30.8		182.9	8.67	16.32	0.57	25.6	50.4	83.9	0.074	0.406	5.5
Prince Tour XS 16	51	Fast	Polyester	1.25	NA	1.8	3.0	3.9	32.90	34.9	32.0	49.6	82.5	33.0	15.7	196.6	4.72	13.10	0.53	18.3	36.2	89.5	0.089	0.488	5.5
Prince Tour XP 16	51	Fast	Polyester	1.3	NA	1.5	2.7	3.6	34.64	34.5	32.0	50.1	84.7	33.8	16.0	198.3	4.70	11.38	2.45	18.5	36.5	88.9	0.079	0.436	5.5
Prince Tour XC 16L	51	Fast	Polyester	1.22	NA	1.5	3.0	3.9	34.16	34.5	32.0	51.8	86.0	34.4	16.0	205.7	5.42	11.14	2.03	18.5	36.7	88.2	0.077	0.42	5.5
Prince Tour XC 15L	51	Fast	Polyester	1.35	NA	1.5	3.0	4.2	30.05	35.2	32.3	53.6	83.6	33.8	15.6	208.6	5.95	14.72	2.38	22.9	45.4	85.2	0.075	0.416	5.5
Boris Becker Bomber NYC 17 (1.23)	51	Fast	Polyester	1.23		0.0	0.0	0.0	37.04	33.9	31.8	51.2	88.2	35.1	16.7	205.7	3.31	10.37	0.22	13.9	27.4	89.3	0.076	0.42	5.5
Luxilon Element 16L (1.25)	51	Fast	Polyester	1.25	1.34	NA	NA	11.8	33.80	34.2	32.0	52.5	86.2	34.5	16.2	208.0	4.83	12.09	0.11	17.0	33.6	88.2	0.078	0.431	5.5
Prince Tour XR 16 (1.30)	51	Fast	Polyester	1.3	1.31	1.5	9.1	2.9	30.43	34.9	32.0	54.2	84.7	33.9	15.4	214.9	5.18	15.11	0.44	20.7	40.9	85.4	0.084	0.458	5.5
Signum Pro Firestorm 16 (1.30)	51	Fast	Polyester	1.3	1.28	7.3	8.8	3.0	29.22	36.3	33.1	50.1	79.4	32.8	15.1	185.7	5.25	16.25	0.33	21.8	43	83.9	0.088	0.485	5.5
Tourna Big Hitter Silver 17	51	Fast	Polyester	1.25	1.27	2.1	3.3	4.5	28.73	36.3	32.5	48.3	77.2	31.3		185.7	7.32	14.67	0.33	22.3	44	85.6	0.083	0.446	5.4
Kirschbaum Helix 16	51	Fast	Polyester	1.3	1.33	2.4	5.5	6.1	23.37	36.5	33.0	54.9	78.3	32.3		204.6	9.13	18.22	0.70	28.0	55.3	83.0	0.074	0.403	5.4
Kirschbaum Helix 17	51	Fast	Polyester	1.25	1.25	1.8	2.7	3.9	28.86	35.2	32.0	52.5	81.4	32.6		208.6	7.52	14.34	0.57	22.5	44.2	85.7	0.076	0.414	5.4
Kirschbaum Touch Turbo 16L (1.275)	51	Fast	Polyester	1.275	1.26	1.8	3.0	3.9	26.70	35.9	32.0	49.4	76.1	30.5		196.0	8.00	16.02	0.59	24.7	48.5	84.5	0.075	0.403	5.4
Kirschbaum Black Shark 16 (1.30)	51	Fast	Polyester	1.3	NA	1.5	3.0	4.2	30.32	34.1	31.0	52.7	83.1	32.2	15.3	223.5	6.15	14.25	0.49	20.9	41.2	86.1	0.08	0.429	5.4
Dunlop Black Widow 17	51	Fast	Polyester	1.26	NA	1.2	1.5	3.0	35.15	33.8	30.2	48.5	83.8	31.6	15.9	216.6	3.92	11.65	0.47	16.1	31.6	87.6	0.107	0.573	5.4
Gamma Poly Z 16	51	Fast	Polyester	1.3	NA	2.1	2.4	5.5	25.09	36.8	33.9	50.5	75.6	32.0	14.0	179.5	7.30	18.33	0.64	26.2	51.8	80.8	0.074	0.396	5.4
Luxilon ALU Power Feel 18/1.20	51	Fast	Polyester	1.2	NA	2.1	3.9	5.2	31.05	35.7	33.1	50.3	81.4	33.6	15.5	186.9	5.98	13.69	2.10	21.8	42.9	87.0	0.074	0.396	5.4
Kirschbaum Max Power 17 (1.25)	51	Fast	Polyester	1.25	NA	1.5	2.4	3.0	39.16	32.7	30.1	53.8	93.1	35.1	16.6	240.6	3.57	7.99	0.35	11.9	23.5	90.1	0.089	0.485	5.4
Solinco Tour Bite Diamond Rough 16L (1.25)	51	Fast	Polyester	1.25	NA	2.7	5.2	6.4	27.50	35.9	33.3	52.3	79.6	33.2	14.9	191.5	8.62	14.60	0.60	23.8	47	85.7	0.095	0.516	5.4
RS RS Lyon 17	51	Fast	Polyester	1.25	NA	2.1	3.3	4.5	32.96	35.0	32.7	51.8	84.7	34.6	15.5	196.6	6.39	11.37	0.52	18.3	36	88.4	0.094	0.511	5.4
Gosen Polylon Premium 16L (1.27)	51	Fast	Polyester	1.27		0.0	0.0	0.0	34.22	34.1	31.9	50.5	84.7	33.8	15.8	201.2	4.85	11.65	0.06	16.5	32.7	89.5	0.081	0.435	5.4
Gosen Poly Professional 16 (1.29)	51	Fast	Polyester	1.29	1.24	1.5	2.1	3.3	28.40	35.8	33.0	49.8	78.3	32.3	15.0	186.3	6.17	16.15	0.13	22.5	44.3	86.1	0.074	0.401	5.4
Signum Pro Poly Plasma 17 (1.23)	51	Fast	Polyester	1.23	1.29	1.2	2.1	3.6	37.75	34.0	31.8	49.4	87.1	34.7	16.0	198.3	3.20	9.77	0.22	13.2	26	87.8	0.089	0.483	5.4
Kirschbaum Touch Turbo 1.30	51	Fast	Polyester	1.3	1.30	1.4	2.4	3.3	28.14	35.0	31.8	54.5	82.5	32.8		218.3	7.65	14.93	0.58	23.2	45.7	82.8	0.085	0.45	5.3
Kirschbaum Super Smash 16/1.30	51	Fast	Polyester	1.3	1.34	1.5	2.3	3.6	25.51	35.8	32.0	56.0	81.4	32.6		221.7	8.49	16.72	0.48	25.6	50.7	80.8	0.08	0.424	5.3
Poly Star Turbo 16 (1.30)	51	Fast	Polyester	1.3	1.28	2.7	5.5	8.8	17.60	39.6	35.0	49.8	67.5	29.5		165.2	12.39	20.73	0.69	33.7	66.7	77.3	0.101	0.534	5.3
Double AR Raptor 1.27	51	Fast	Polyester	1.27	NA	1.2	1.8	2.4	39.78	32.7	30.1	53.1	92.8	34.9	16.5	238.3	3.31	7.63	0.38	11.2	22.3	89.5	0.098	0.521	5.3
Boris Becker Bomber NYC 16 (1.28)	51	Fast	Polyester	1.28		0.0	0.0	0.0	36.65	33.7	32.0	52.3	88.9	35.5	16.3	208.0	4.08	9.99	0.25	14.3	28.2	89.3	0.078	0.417	5.3
Gamma Zo Dart 17 (1.25)	51	Fast	Polyester	1.25	1.35	NA	NA	7.3	37.37	33.7	31.5	50.5	87.8	34.5	16.2	206.9	3.95	9.40	0.22	13.5	26.7	88.7	0.085	0.452	5.3
Pacific Poly Power Pro 16L (1.25)	51	Fast	Polyester	1.25	NA	8.8	9.1	8.2	26.88	36.5	33.7	50.3	77.2	32.5	15.1	180.0	6.02	17.82	0.22	24.0	47.4	84.1	0.088	0.462	5.3
Polyfibre Panthera 16 (1.30)	51	Fast	Polyester	1.3	1.33	1.8	3.0	12.1	36.27	33.7	31.3	51.2	87.3	34.2	16.1	212.6	3.53	10.92	0.13	14.6	28.7	88.0	0.092	0.488	5.3
Yonex Poly Tour Tough 16L	51	Fast	Polyester	1.25	1.22	7.6	2.4	3.0	30.03	35.2	32.1	49.0	78.9	31.7	15.2	193.7	5.53	15.16	0.20	20.9	41.2	85.7	0.087	0.459	5.3
Gosen G-Tour 16 (1.30)	51	Fast	Polyester	1.3	1.28	4.2	2.7	4.5	35.17	34.4	31.9	46.3	81.4	32.5	16.0	184.0	4.04	11.51	0.22	15.7	31.1	86.9	0.093	0.494	5.3
Luxilon ECO Spin 17 (1.25)	51	Fast	Polyester	1.25	1.29	1.5	4.2	7.0	37.46	33.4	31.0	50.5	87.8	34.0	7.3	213.2	3.31	9.95	0.15	13.5	26.4	85.4	0.108	0.577	5.3
Kirschbaum P2 16/1.30	51	Fast	Polyester	1.3	1.30	1.5	2.4	3.0	31.80	34.4	31.4	53.1	84.9	33.3		218.9	6.99	11.93	0.49	19.4	38.3	86.3	0.079	0.412	5.2
Wilson Enduro Tour 16	51	Fast	Polyester	1.3	1.30	0.9	2.1	3.0	32.06	33.6	30.2	56.7	88.6	33.5		251.5	7.28	11.38	0.42	19.0	37.6	86.9	0.079	0.414	5.2
Babolat Pro Hurricane Tour 17	51	Fast	Polyester	1.25	1.29	1.5	3.0	3.9	28.44	35.0	31.8	53.6	82.0	32.6		214.9	8.00	14.28	0.44	22.7	44.8	84.1	0.078	0.402	5.2
Signum Pro Poly-Plasma Pure 17 (1.23)	51	Fast	Polyester	1.23	1.25	2.1	3.0	4.2	29.55	35.4	32.0	50.3	79.8	31.9		199.5	7.17	14.00	0.62	21.8	43	84.1	0.086	0.449	5.2
Kirschbaum Touch Turbo 17 (1.25)	51	Fast	Polyester	1.25	1.34	1.5	2.7	2.4	28.27	35.2	31.9	50.9	79.2	31.6		203.5	7.74	14.71	0.51	22.9	45.3	84.3	0.084	0.44	5.2
Kirschbaum Super Smash Spiky 17 (1.25)	51	Fast	Polyester	1.25	1.29	1.5	3.0	4.5	25.42	35.5	32.0	54.0	79.4	31.8		214.3	9.26	16.04	0.55	25.8	51	82.8	0.074	0.386	5.2
Polyfibre Hexablade 17L (1.18)	51	Fast	Polyester	1.18	1.21	2.7	6.1	9.1	19.07	39.0	34.2	48.7	67.7	29.0		168.6	11.49	20.16	0.70	32.4	63.8	79.0	0.1	0.52	5.2
Dunlop Black Widow 16	51	Fast	Polyester	1.31	NA	2.1	3.6	4.5	31.82	35.0	31.0	45.9	77.6	30.1	15.0	193.2	5.56	13.34	0.46	19.4	38.2	87.2	0.107	0.557	5.2
Wilson Ripspin 16	51	Fast	Polyester	1.3	NA	1.5	3.0	4.2	31.22	34.7	32.0	53.4	84.7	33.9	15.5	212.0	5.78	13.72	0.59	20.1	39.6	85.9	0.082	0.423	5.2
Wilson Ripspin 17	51	Fast	Polyester	1.25	NA	2.1	3.6	4.5	32.15	34.7	32.0	52.7	84.9	34.0	15.6	209.2	5.38	13.19	0.62	19.2	37.8	86.9	0.081	0.425	5.2
Prince Tour XP 15L	51	Fast	Polyester	1.35	NA	1.5	3.0	3.9	31.05	35.6	32.8	49.0	80.0	32.9	15.4	184.6	5.73	13.94	2.76	22.5	44.2	87.2	0.083	0.435	5.2
Head Hawk Touch 18 (1.20)	51	Fast	Polyester	1.2		0.0	0.0	0.0	34.73	34.4	32.0	49.4	84.2	33.7	16.0	196.0	3.81	12.18	0.18	16.1	31.9	88.9	0.086	0.447	5.2
Yonex Poly Tour Pro 17 (1.20)	51	Fast	Polyester	1.2	1.41	3.9	5.6	11.2	33.91	34.9	32.0	47.6	81.6	32.7	15.7	188.6	3.15	13.66	0.11	17.0	33.3	87.0	0.093	0.481	5.2
Solinco Hyper-G-Soft 16L (1.25)	51	Fast	Polyester	1.25	1.27	1.5	3.9	3.9	36.27	35.7	33.9	48.5	84.9	35.9	30.8	172.0	4.30	10.15	0.11	14.6	28.7	88.0	0.099	0.512	5.2
Babolat Pro Hurricane Tour 16	51	Fast	Polyester	1.3	1.32	1.8	2.4	3.6	27.85	34.8	32.0	57.1	84.9	33.9		227.5	8.93	13.94	0.51	23.4	46.1	83.9	0.077	0.396	5.1
Boris Becker Bomber 16	51	Fast	Polyester	1.28	NA	2.1	3.3	4.5	27.30	35.9	32.0	51.6	78.9	31.5		204.6	8.31	15.11	0.38	23.8	46.9	85.0	0.09	0.461	5.1
Signum Pro Tornado 16	51	Fast	Polyester	1.29	1.33	1.8	3.3	4.2	26.99	35.1	32.0	54.2	81.4	32.5		215.5	9.46	14.27	0.49	24.3	47.7	86.1	0.085	0.434	5.1
Kirschbaum Super Smash Spiky 1.20	51	Fast	Polyester	1.2	1.20	2.4	3.9	5.5	24.67	36.3	32.4	52.9	77.6	31.5		205.2	9.88	16.17	0.66	26.7	52.7	83.7	0.095	0.48	5.1
Topspin Cyber Blue 17	51	Fast	Polyester	1.25	NA	2.1	3.3	4.5	27.83	36.3	32.3	47.0	74.7	30.1		183.5	7.76	15.13	0.51	23.4	46.1	83.9	0.09	0.457	5.1
Volkl V-Pro 17	51	Fast	Polyester	1.23	1.23	2.7	4.2	5.5	26.99	36.2	32.7	49.4	76.3	31.2		188.0	8.20	15.53	0.46	24.3	47.7	85.0	0.084	0.432	5.1
Poly Star Strike 16 (1.30)	51	Fast	Polyester	1.3	1.30	1.8	3.0	4.5	26.37	36.2	32.1	50.9	77.4	31.1		201.2	8.78	15.57	0.57	24.9	49.1	82.8	0.081	0.414	5.1
Gosen Polymaster II 16	51	Fast	Polyester	1	1.0 x	4.2	5.8	7.6	24.43	37.2	33.9	48.7	73.2	31.0		172.0	10.10	16.19	0.59	26.9	53	84.5	0.074	0.374	5.1
Kirschbaum Pro Line X 16 (1.30)	51	Fast	Polyester	1.3	NA	1.5	2.4	3.0	37.35	32.7	29.8	52.5	89.7	33.4		240.0	4.19	9.18	0.42	13.7	27.2	88.0	0.08	0.41	5.1
One Strings Carbon NRG 16	51	Fast	Polyester	1.3	NA	1.8	3.3	4.5	29.86	36.0	33.0	48.3	78.3	32.2	15.0	180.0	6.00	14.86	0.58	21.4	42.3	83.4	0.082	0.419	5.1
Babolat RPM Blast 18 (1.20)	51	Fast	Polyester	1.2		0.0	0.0	0.0	32.57	35.2	32.7	49.6	82.2	33.6	15.4	189.2	5.05	13.10	0.18	18.3	36.1	87.4	0.076	0.391	5.1
Dunlop Explosive 17 (1.26)	51	Fast	Polyester	1.26	1.29	NA	NA	8.5	34.51	34.8	32.0	48.5	83.1	33.3	15.7	192.0	4.08	12.13	0.22	16.3	32.4	87.2	0.086	0.436	5.1
IsoSpeed V18 19 (1.12)	51	Fast	Polyester	1.12	1.31	NA	NA	10.3	30.54	35.9	33.1	48.5	78.9	32.7	15.3	180.0	4.32	15.86	0.33	20.5	40.4	86.5	0.094	0.483	5.1
Solinco Tour Bite 15L (1.35)	51	Fast	Polyester	1.35	1.32	1.5	2.7	9.7	39.03	32.8	30.9	56.0	95.0	36.7	17.0	238.9	3.57	8.12	0.33	12.1	23.7	88.2	0.092	0.471	5.1
Topspin Cyber Blue 17L (1.20)	51	Fast	Polyester	1.2	1.24	7.6	3.0	4.5	34.05	35.3	32.2	47.0	81.1	32.6	15.5	184.6	3.73	12.94	0.40	17.0	33.7	87.4	0.083	0.425	5.1
RS RS Lyon 17L (1.20)	51	Fast	Polyester	1.2	1.27	3.6	3.6	9.1	32.41	35.5	32.6	47.8	80.3	32.8	15.4	182.9	4.19	14.12	0.33	18.5	36.7	87.8	0.083	0.422	5.1
Kirschbaum Super Smash Spiky 16/1.30	51	Fast	Polyester	1.3	1.32	1.5	2.4	4.2	23.57	36.1	32.4	56.0	79.6	32.2		216.6	10.10	17.05	0.53	27.8	54.6	80.6	0.09	0.446	5
Pacific ATP Poly Power Pro 16L	51	Fast	Polyester	1.25	1.27	2.1	3.0	3.0	25.49	36.3	33.0	52.0	77.6	32.0		194.3	8.60	16.63	0.68	26.0	51.1	83.7	0.092	0.461	5
Pacific Poly Force Xtreme 16L	51	Fast	Polyester	1.25	1.28	1.5	2.4	3.0	31.31	34.3	32.1	55.1	86.4	34.7		218.3	6.53	12.88	0.66	20.1	39.6	84.3	0.098	0.488	5
Tecnifibre Pro Red Code 18	51	Fast	Polyester	1.2	1.22	1.8	2.4	3.0	32.72	34.4	31.0	51.4	84.0	32.6		217.2	7.01	10.99	0.39	18.3	36.3	88.2	0.084	0.417	5
SuperString Viper V2 Rough 16L	51	Fast	Polyester	1.25	1.32	2.1	3.0	4.2	31.66	35.0	32.0	48.7	80.5	32.2		194.3	6.17	12.89	0.37	19.4	38.3	88.2	0.097	0.486	5
Volkl V-Pro 16	51	Fast	Polyester	1.28	1.28	1.5	2.7	3.9	31.29	33.9	30.7	54.2	85.6	32.9		233.7	7.70	11.73	0.46	19.8	39.2	87.4	0.087	0.437	5
Signum Pro Poly-Plasma 17L (1.18)	51	Fast	Polyester	1.18	1.19	2.1	3.0	2.1	30.74	35.2	32.0	49.6	80.5	32.2		197.2	6.84	13.14	0.49	20.5	40.3	86.5	0.098	0.487	5
Poly Star Turbo 16L (1.25)	51	Fast	Polyester	1.25	1.24	3.3	7.6	10.3	18.19	39.2	35.0	50.7	69.0	30.1		168.6	13.23	19.30	0.37	32.9	64.9	77.8	0.105	0.521	5
Prince Tour XS 1.35	51	Fast	Polyester	1.35	NA	0.9	2.1	3.0	34.11	34.7	32.0	49.2	83.3	33.3	15.7	195.5	4.26	12.35	2.12	18.7	36.9	90.1	0.072	0.359	5
Dunlop Ice 17 (1.25)	51	Fast	Polyester	1.25		0.0	0.0	0.0	30.87	35.4	32.6	50.5	81.4	33.2	15.6	192.6	5.51	14.34	0.33	20.1	39.8	85.6	0.082	0.41	5
Dunlop Explosive 18 (1.20)	51	Fast	Polyester	1.2	1.45	NA	NA	6.7	36.38	34.4	32.0	49.0	85.3	34.2	16.0	194.3	3.37	10.97	0.20	14.6	28.7	89.5	0.083	0.418	5
Yonex Poly Tour HS 16 (1.30)	51	Fast	Polyester	1.3	1.32	NA	NA	7.9	36.60	33.8	31.0	50.7	87.3	33.9	16.4	213.7	3.55	10.57	0.15	14.3	28.1	88.4	0.087	0.431	5
Wilson Revolve Spin 16	51	Fast	Polyester	1.3	1.27	6.7	2.7	9.4	23.06	47.5	34.1	49.4	72.3	30.8	11.5	172.6	9.08	18.58	0.00	27.6	54.5	35.5	0.092	0.457	5
Luxilon Alu Power Vibe 16 (1.25)	51	Fast	Polyester	1.25	1.33	2.7	5.5	4.5	33.47	34.4	31.9	52.0	85.6	34.0	15.5	208.0	5.25	12.00	0.13	17.4	34.3	86.9	0.107	0.533	5
Tecnifibre Pro Red Code 16	51	Fast	Polyester	1.3	NA	1.5	2.1	2.7	33.52	33.9	31.0	54.9	88.4	34.3		232.0	6.50	10.70	0.44	17.6	34.8	86.9	0.078	0.384	4.9
Kirschbaum Competition 16/1.30	51	Fast	Polyester	1.3	1.30	1.5	2.7	4.2	27.21	35.6	32.1	53.1	80.5	32.2		210.3	8.71	14.80	0.57	24.0	47.5	84.6	0.082	0.403	4.9
MSV Focus Evo 16	51	Fast	Polyester	1.3	NA	1.5	2.4	3.6	28.71	34.8	31.4	55.1	83.8	32.9		226.3	8.40	13.61	0.53	22.5	44.4	84.8	0.08	0.394	4.9
Tourna Big Hitter Blue 17	51	Fast	Polyester	1.25	1.26	1.8	2.4	3.3	32.83	34.4	31.0	52.7	85.6	33.1		222.3	6.37	11.52	0.55	18.5	36.3	87.2	0.092	0.452	4.9
Volkl V-Pro 18	51	Fast	Polyester	1.18	1.18	2.1	3.0	3.9	34.35	34.0	31.0	50.3	84.7	32.8		213.2	5.12	11.25	0.44	16.8	33.1	88.4	0.087	0.429	4.9
Kirschbaum P2 17 (1.25)	51	Fast	Polyester	1.25	1.26	1.2	2.4	3.0	33.96	33.5	30.0	52.3	86.2	32.3		235.5	6.20	10.56	0.44	17.2	33.9	89.7	0.095	0.465	4.9
Solinco Barb Wire 17 (1.20)	51	Fast	Polyester	1.2	1.25	2.1	3.3	4.5	29.55	35.9	32.1	47.2	76.7	30.8		186.3	6.35	14.82	0.44	21.6	42.6	85.7	0.113	0.557	4.9
Wilson Ripspin 15	51	Fast	Polyester	1.35	NA	1.5	2.7	3.9	30.23	34.9	32.0	53.4	83.6	33.4	15.4	212.0	6.24	14.25	0.68	21.2	41.7	86.3	0.081	0.4	4.9
Solinco Tour Bite Diamond Rough 16 (1.30)	51	Fast	Polyester	1.3	NA	2.4	5.2	7.0	25.03	36.6	33.1	51.8	76.7	31.8	14.8	192.6	8.82	16.87	0.66	26.2	52	82.1	0.111	0.54	4.9
Kirschbaum Pro Line Evolution 17 (1.25)	51	Fast	Polyester	1.25		0.0	0.0	0.0	36.32	34.0	31.9	52.0	88.2	35.2	16.8	208.0	4.04	10.36	0.27	14.6	28.9	88.9	0.09	0.437	4.9
Head Hawk Touch 19 (1.15)	51	Fast	Polyester	1.15	1.33	NA	NA	11.2	34.18	34.7	32.0	48.5	82.7	33.1	15.9	192.0	3.37	13.17	0.11	16.8	32.8	88.4	0.089	0.434	4.9
Weiss Cannon Scorpion 16L (1.28)	51	Fast	Polyester	1.28	1.32	7.0	8.5	7.0	33.19	34.7	32.0	50.5	83.6	33.4	15.8	200.0	5.84	11.69	0.34	17.9	35.2	87.2	0.087	0.428	4.9
Head Hawk Rough 17	51	Fast	Polyester	1.25	1.31	2.4	3.0	8.5	38.59	33.4	30.8	46.7	85.3	32.8	16.4	201.2	4.41	7.72	0.00	12.1	23.9	90.6	0.097	0.476	4.9
LaserFibre Native Tour 17 (1.25)	51	Fast	Polyester	1.25	1.22	2.1	2.4	4.5	27.78	35.5	32.2	50.9	78.7	31.7	14.9	200.0	6.90	16.04	0.46	23.4	46.1	83.9	0.102	0.5	4.9
Luxilon Big Banger Original 130/16	51	Fast	Polyester	1.3	1.31	1.5	2.7	3.9	25.09	35.8	32.9	56.9	82.0	33.8		213.2	9.53	16.10	0.44	26.0	51.4	85.2	0.082	0.396	4.8
Wilson Enduro Tour 17	51	Fast	Polyester	1.25	1.25	2.4	4.8	7.6	19.51	39.1	34.2	48.7	68.1	29.1		169.7	11.09	20.12	0.44	31.8	62.4	79.7	0.086	0.414	4.8
Weiss Cannon Turbotwist 17L (1.18)	51	Fast	Polyester	1.18	1.26	2.7	4.5	5.8	26.72	36.1	32.2	51.8	78.7	31.7		203.5	9.33	14.67	0.66	24.7	48.6	84.1	0.085	0.406	4.8
Signum Pro Poly Megaforce 17 (1.19)	51	Fast	Polyester	1.19	1.21	1.8	2.4	3.6	32.46	34.6	31.2	50.9	83.3	32.5		213.2	6.20	12.06	0.18	18.5	36.3	86.7	0.093	0.447	4.8
Signum Pro Tornado 17 (1.23)	51	Fast	Polyester	1.23	1.30	2.4	2.7	3.3	28.69	35.0	32.0	53.8	82.7	33.0		214.3	7.72	14.31	0.47	22.5	44.3	85.2	0.091	0.441	4.8
Tecnifibre Pro Red Code 17	51	Fast	Polyester	1.25	1.27	1.8	2.4	3.3	32.68	34.2	30.7	52.5	85.1	32.7		225.7	6.55	11.49	0.44	18.5	36.4	88.0	0.092	0.439	4.8
Mantis Comfort Poly 16	51	Fast	Polyester	1.3	1.32	1.5	2.4	3.6	30.74	34.5	31.0	53.1	83.8	32.5		224.6	7.30	12.68	0.40	20.3	40.2	86.3	0.092	0.438	4.8
Mantis Power Poly 17	51	Fast	Polyester	1.25	1.26	1.5	2.4	3.3	29.35	35.2	32.0	51.2	80.5	32.2		203.5	7.89	13.48	0.46	21.8	43	85.6	0.086	0.417	4.8
Topspin Cyber Flash 16	51	Fast	Polyester	1.3	1.30	1.8	3.3	4.5	27.61	36.2	32.2	47.2	74.7	30.0		185.2	7.92	15.19	0.47	23.6	46.5	85.0	0.093	0.445	4.8
Dunlop Explosive 16	51	Fast	Polyester	1.3	1.30	1.8	2.4	3.0	33.01	33.8	30.3	52.7	85.6	32.4		233.2	6.66	11.05	0.46	18.1	35.8	87.4	0.1	0.478	4.8
Kirschbaum Pro Line II 17L (1.20)	51	Fast	Polyester	1.2	1.20	2.7	3.9	5.5	27.87	35.9	32.1	49.0	76.7	30.8		193.2	8.56	14.29	0.51	23.4	46	86.3	0.09	0.436	4.8
Kirschbaum P2 17L (1.20)	51	Fast	Polyester	1.2	1.20	2.1	3.0	3.9	30.12	35.3	32.0	49.6	79.8	31.9		197.2	6.75	13.85	0.48	21.2	41.6	85.2	0.092	0.441	4.8
Poly Star Strike 16L (1.25)	51	Fast	Polyester	1.25	1.27	2.4	3.9	5.2	25.20	37.0	33.1	49.4	74.7	30.8		184.0	8.16	17.36	0.55	26.0	51.4	82.1	0.087	0.415	4.8
Gosen Polylon PolyBreak 18 (1.20)	51	Fast	Polyester	1.2	1.21	3.3	5.5	7.3	24.01	37.7	34.0	47.0	71.0	30.2		165.2	9.13	17.58	0.33	27.1	53.3	82.8	0.074	0.354	4.8
Kirschbaum Pro Line X 17 (1.25)	51	Fast	Polyester	1.25	1.25	1.5	2.4	3.3	32.46	34.0	31.0	51.6	84.0	32.5		218.3	7.19	11.07	0.49	18.7	37	86.9	0.089	0.423	4.8
Head Sonic Pro Edge 16	51	Fast	Polyester	1.3	NA	1.5	3.0	4.2	31.80	34.6	31.8	48.7	80.5	32.0	15.5	194.9	4.74	14.18	0.60	19.6	38.5	87.0	0.076	0.363	4.8
Signum Pro Firestorm 1.25	51	Fast	Polyester	1.25	NA	2.7	4.2	5.5	27.74	34.0	31.6	48.5	76.3	30.2	15.8	197.7	6.86	16.12	0.57	23.6	46.4	87.0	0.086	0.413	4.8
Yonex Poly Tour Spin G 1.25	51	Fast	Polyester	1.25	NA	1.5	2.1	2.7	37.84	33.0	31.0	56.0	93.9	36.4	17.0	237.2	4.30	8.58	0.18	13.0	25.7	89.7	0.104	0.497	4.8
Gamma RZR Rx 17	51	Fast	Polyester	1.23		0.0	0.0	0.0	36.27	34.8	32.0	46.7	83.1	33.3	15.9	185.2	4.37	10.08	0.13	14.6	28.7	88.2	0.094	0.448	4.8
Tecnifibre Ruff Code 16 (1.30)	51	Fast	Polyester	1.3	1.32	1.8	2.4	9.7	35.17	34.3	32.0	52.3	87.3	35.0	16.0	207.5	4.12	11.43	0.35	15.9	31.3	87.4	0.1	0.483	4.8
Babolat Ballistic Polymono 16	51	Fast	Polyester	1.3	1.3	1.8	3.2	3.3	27.76	35.4	32.2	55.6	83.3	33.5		217.7	8.07	14.89	0.33	23.4	45.9	83.0	0.085	0.402	4.7
Wilson Enduro Pro 16	51	Fast	Polyester	1.3	NA	NA	2.4	3.0	32.72	34.4	31.6	53.8	86.7	34.2		219.5	6.57	11.43	0.39	18.3	36.3	86.7	0.086	0.403	4.7
Klip Hardcore 16/1.30	51	Fast	Polyester	1.3	1.30	1.5	2.7	4.2	25.97	36.6	33.0	51.6	77.6	32.0		193.2	8.03	16.72	0.50	25.1	49.8	83.2	0.092	0.432	4.7
Pacific X Force 18	51	Fast	Polyester	1.19	1.22	1.5	2.4	3.0	32.48	34.5	31.8	52.0	84.5	33.6		208.6	5.82	12.42	0.51	18.7	37	86.1	0.077	0.361	4.7
IsoSpeed Pulse 16	51	Fast	Polyester	1.3	1.32	3.0	5.5	7.6	22.51	38.5	34.0	46.7	69.2	29.5		164.6	10.74	17.47	0.66	28.9	56.9	81.5	0.074	0.346	4.7
Gamma Zo Twist 16	51	Fast	Polyester	1.28	1.28	3.0	5.8	7.0	27.87	36.2	32.3	49.0	76.7	30.9		190.3	8.73	14.12	0.64	23.4	46.3	86.7	0.085	0.4	4.7
Signum Pro Poly-Plasma 16L	51	Fast	Polyester	1.28	1.30	1.8	2.4	2.7	31.33	34.2	31.0	53.4	84.7	32.9		225.7	7.85	11.54	0.48	19.8	39.2	86.7	0.098	0.465	4.7
Babolat Hurricane Feel 16	51	Fast	Polyester	1.3	NA	1.5	2.4	2.4	35.48	32.9	30.0	55.3	90.8	34.0		249.7	5.87	9.37	0.35	15.7	30.7	88.4	0.08	0.379	4.7
Kirschbaum Pro Line II 17 (1.25)	51	Fast	Polyester	1.25	1.25	2.4	3.9	4.8	28.44	35.3	32.0	50.7	79.2	31.7		201.2	8.00	14.28	0.50	22.7	44.9	84.5	0.101	0.47	4.7
Gosen Polymaster I 16	51	Fast	Polyester	1.02	1.1 x	3.0	4.8	7.0	25.07	36.6	33.0	50.3	75.2	31.1		186.9	9.79	15.86	0.62	26.2	51.8	85.0	0.075	0.349	4.7
Weiss Cannon Black 5 Edge 17 (1.24)	51	Fast	Polyester	1.24	NA	2.1	3.3	4.5	34.53	33.7	30.9	50.7	85.1	32.9	16.8	215.5	5.29	10.90	0.46	16.8	32.8	89.7	0.095	0.448	4.7
Head Hawk 17 (1.25)	51	Fast	Polyester	1.25	NA	1.5	3.0	3.9	35.83	34.1	31.9	51.2	86.9	34.6	16.0	204.6	4.32	10.57	1.78	16.8	32.9	88.0	0.069	0.323	4.7
Luxilon Monotec Zolo 15L	51	Fast	Polyester	1.35	1.35	1.5	2.4	3.6	27.34	35.2	32.0	55.3	82.7	33.0		219.5	8.53	14.85	0.48	23.8	47	84.1	0.083	0.382	4.6
Kirschbaum Long Life 15	51	Fast	Polyester	1.38	1.44	1.2	2.1	3.3	23.15	35.6	32.0	58.2	81.4	32.6		231.5	10.30	17.27	0.55	28.2	55.4	80.3	0.094	0.43	4.6
Signum Pro Hyperion 16	51	Fast	Polyester	1.3	1.35	1.5	NA	3.0	30.58	34.6	31.1	52.3	82.9	32.2		220.0	7.25	12.89	0.59	20.7	40.9	85.6	0.096	0.443	4.6
Tecnifibre Black Code 18	51	Fast	Polyester	1.18	1.19	2.4	3.0	3.9	30.47	35.0	32.0	50.9	81.4	32.5		202.9	7.50	12.75	0.37	20.7	40.7	87.4	0.104	0.474	4.6
Topspin Cyber Flash 17L	51	Fast	Polyester	1.2	1.19	2.7	4.2	7.6	21.30	39.3	35.1	43.7	65.0	28.5		144.0	8.11	21.31	0.55	30.0	59.1	83.2	0.098	0.446	4.6
Polyfibre Hexablade 16L (1.25)	51	Fast	Polyester	1.25	1.27	2.4	4.2	7.6	19.40	38.8	34.0	49.0	68.4	29.0		172.0	11.20	20.12	0.57	32.0	62.9	78.7	0.097	0.443	4.6
Gosen Polylon SP 17 (1.24)	51	Fast	Polyester	1.24	1.25	4.5	5.2	6.7	24.70	37.1	33.6	48.5	73.2	30.7		174.9	9.31	16.71	0.47	26.5	52.2	85.4	0.087	0.399	4.6
Babolat RPM Blast 17/1.25	51	Fast	Polyester	1.25	NA	2.4	3.9	4.8	34.31	33.2	30.0	51.6	86.0	32.3	16.2	233.7	5.73	10.68	0.46	16.8	33.3	86.7	0.088	0.406	4.6
Gosen Sidewinder 17	51	Fast	Polyester	1.23	NA	4.2	6.7	9.1	27.85	36.9	34.0	45.4	73.2	31.1	14.5	159.4	6.22	16.65	0.79	23.6	46.7	85.0	0.09	0.412	4.6
Babolat RPM Dual 16	51	Fast	Polyester	1.3	NA	2.7	3.9	4.8	33.47	32.0	29.9	52.3	85.8	32.1	16.9	237.2	6.62	10.63	0.44	17.6	34.9	88.5	0.08	0.368	4.6
Yonex Poly Tour Strike 16L (1.25)	51	Fast	Polyester	1.25		0.0	0.0	0.0	36.82	34.0	31.5	48.7	85.6	33.6	15.8	199.5	3.48	10.42	0.26	14.1	27.9	88.4	0.097	0.451	4.6
LaserFibre JB Tour 100 17g (1.25)	51	Fast	Polyester	1.25	1.28	3.0	3.9	3.0	28.44	35.3	32.1	53.6	82.0	32.9	15.3	210.9	6.00	16.28	0.17	22.5	44.3	84.3	0.114	0.529	4.6
Pacific Poly Force 16L	51	Fast	Polyester	1.29	1.3	1.5	2.7	3.6	28.05	35.5	32.1	52.9	80.9	32.5		208.0	7.98	14.69	0.53	23.2	45.7	85.9	0.081	0.361	4.5
Pacific X Force 17	51	Fast	Polyester	1.24	1.27	1.8	1.8	3.0	32.85	33.9	31.0	53.4	86.2	33.4		225.7	6.37	11.50	0.50	18.3	36.2	85.7	0.081	0.367	4.5
Pacific Poly Force 17	51	Fast	Polyester	1.24	1.28	1.5	2.1	3.0	32.61	33.8	31.0	55.3	87.8	34.1		233.2	7.10	11.01	0.51	18.5	36.7	88.5	0.08	0.356	4.5
MSV Focus Evo 17	51	Fast	Polyester	1.25	1.25	2.1	3.0	4.2	27.94	35.5	32.0	52.0	80.0	31.9		206.9	7.94	14.84	0.60	23.4	46.1	85.2	0.098	0.443	4.5
Head Ultra Tour 16	51	Fast	Polyester	1.27	1.26	2.1	3.3	4.5	28.40	35.9	32.2	51.4	79.8	32.1		201.7	8.91	13.41	0.55	22.9	45.1	85.9	0.087	0.394	4.5
Dunlop Comfort Poly 17	51	Fast	Polyester	1.25	1.23	2.1	3.0	3.9	29.90	34.2	31.1	56.2	86.2	33.5		236.6	8.18	12.64	0.53	21.4	42.1	87.0	0.089	0.398	4.5
Babolat RPM Blast 16	51	Fast	Polyester	1.3	1.34	1.8	2.4	3.6	28.00	34.7	31.5	56.9	84.9	33.4		232.6	8.25	14.47	0.57	23.4	45.9	85.4	0.09	0.406	4.5
Kirschbaum Pro Line II 18 (1.15)	51	Fast	Polyester	1.15	1.18	3.0	4.5	5.8	27.67	36.2	32.5	47.6	75.2	30.6		182.9	8.36	14.69	0.48	23.6	46.4	87.6	0.097	0.435	4.5
Kirschbaum Competition 17 (1.25)	51	Fast	Polyester	1.25	1.26	2.4	3.6	4.8	27.12	35.3	32.0	52.9	80.0	32.0		210.3	9.13	14.47	0.48	24.0	47.5	84.5	0.103	0.463	4.5
Tourna Big Hitter Silver Rough 16	51	Fast	Polyester	1.3	1.29	2.1	3.9	5.2	28.44	35.3	32.0	52.0	80.5	32.2		206.3	8.05	14.23	0.52	22.7	45	86.1	0.1	0.453	4.5
Alien Black Diamond 16	51	Fast	Polyester	1.3	1.31	3.0	5.2	5.8	25.45	36.6	32.6	49.8	75.2	30.7		190.3	8.40	16.87	0.47	25.8	50.7	83.0	0.1	0.453	4.5
Polyfibre TCS 16/1.30	51	Fast	Polyester	1.3	1.30	1.8	3.6	6.1	21.17	38.6	34.1	49.4	70.6	30.1		173.2	10.17	19.38	0.66	30.2	59.6	78.3	0.088	0.387	4.4
Kirschbaum Pro Line I 1.30	51	Fast	Polyester	1.3	1.31	1.2	2.0	3.0	27.06	35.2	32.0	56.4	83.6	33.4		224.6	8.60	15.06	0.60	24.3	47.8	84.3	0.081	0.358	4.4
Luxilon Big Banger Rough 130/16	51	Fast	Polyester	1.3	1.33	2.1	3.0	4.2	24.87	35.8	33.0	56.9	81.8	33.7		212.6	10.91	14.94	0.50	26.2	52	84.1	0.092	0.405	4.4
Prince Poly EXP 17	51	Fast	Polyester	1.25	1.26	1.5	3.0	3.6	29.11	35.1	31.6	53.6	82.7	32.6		217.7	7.39	14.22	0.56	22.3	43.7	83.7	0.094	0.414	4.4
Luxilon Big Banger TiMO 17L (1.17)	51	Fast	Polyester	1.17	1.19	2.1	3.6	4.5	27.89	36.0	32.2	52.0	80.0	32.2		204.0	8.56	14.27	0.44	23.4	45.9	86.5	0.094	0.413	4.4
Polyfibre Poly Hightec 16L	51	Fast	Polyester	1.25	1.23	2.4	3.9	6.7	20.35	39.1	34.2	48.7	69.2	29.6		169.2	10.50	19.87	0.77	31.1	61.4	79.0	0.093	0.407	4.4
Polyfibre Hightec Premium 16L	51	Fast	Polyester	1.25	1.25	2.1	3.6	6.1	21.06	38.4	34.0	48.5	69.5	29.6		170.3	9.88	19.78	0.66	30.4	59.8	78.5	0.085	0.374	4.4
Kirschbaum Pro Line I 18L (1.15)	51	Fast	Polyester	1.15	1.15	2.4	4.2	5.5	25.58	36.3	32.9	50.5	76.1	31.4		189.2	8.60	16.54	0.44	25.6	50.4	84.5	0.086	0.377	4.4
Solinco Barb Wire 16	51	Fast	Polyester	1.3	1.38	2.1	2.7	3.0	30.89	34.6	31.0	50.7	81.6	31.6		214.3	7.41	12.42	0.55	20.3	40.2	86.9	0.123	0.542	4.4
Babolat Hurricane Feel 17	51	Fast	Polyester	1.25	1.26	1.8	2.4	3.3	34.95	33.5	30.1	53.4	88.2	33.2		239.5	5.98	9.79	0.40	16.1	31.9	87.6	0.085	0.37	4.4
Poly Star Classic 16L (1.25)	51	Fast	Polyester	1.25	1.25	2.4	3.9	5.8	23.44	37.5	33.6	48.5	71.9	30.2		174.9	9.15	18.13	0.35	27.6	54.5	81.7	0.083	0.368	4.4
Pacific X Force 16L (1.29)	51	Fast	Polyester	1.29		0.0	0.0	0.0	38.37	33.4	31.0	52.0	90.4	35.0	17.1	219.5	3.26	9.09	0.33	12.8	25	88.7	0.108	0.476	4.4
Signum Pro Poly Megaforce 16	51	Fast	Polyester	1.29	1.29	1.5	2.1	2.7	33.41	33.9	31.0	55.6	88.9	34.5		234.9	7.19	10.12	0.38	17.6	34.9	86.9	0.097	0.42	4.3
Signum Pro Poly Speed Spin 1.28	51	Fast	Polyester	1.28	NA	1.2	2.1	3.3	30.61	33.9	30.9	58.0	88.6	34.3		246.3	7.39	12.72	0.62	20.7	40.9	84.8	0.112	0.48	4.3
Luxilon Big Banger ALU Power Spin 127/16	51	Fast	Polyester	1.27	1.26	1.8	2.7	3.6	28.38	35.2	32.1	54.0	82.5	33.1		213.7	8.16	14.18	0.46	22.7	45	85.7	0.106	0.454	4.3
Polyfibre TCS Rapid 16L/1.25	51	Fast	Polyester	1.25	1.25	2.4	5.2	8.5	18.74	39.8	35.0	48.3	67.0	29.4		160.0	11.53	20.45	0.66	32.6	64.3	78.7	0.089	0.385	4.3
Polyfibre Black Venom 16 (1.30)	51	Fast	Polyester	1.3	1.32	2.4	3.9	5.8	22.47	37.5	33.4	49.4	71.9	30.0		180.0	9.90	18.35	0.60	28.9	56.9	80.6	0.097	0.42	4.3
Gosen Polylon 17 (1.24)	51	Fast	Polyester	1.24	1.25	2.4	3.0	4.5	26.48	35.7	32.0	52.5	78.9	31.5		208.0	9.44	14.80	0.51	24.7	48.8	83.2	0.09	0.391	4.3
L-Tec Premium Pro OS 16L	51	Fast	Polyester	1.28	NA	1.5	2.1	3.0	37.73	32.4	29.4	53.8	91.5	33.6		253.7	4.37	8.62	0.40	13.5	26.4	89.9	0.094	0.4	4.3
Solinco Tour Bite Diamond Rough 17 (1.20)	51	Fast	Polyester	1.2	NA	3.6	6.1	7.0	29.33	35.9	33.3	49.6	78.9	32.9	14.9	181.7	6.46	14.93	0.67	22.1	43.5	87.0	0.119	0.516	4.3
Polyfibre Hightec Premium 16/1.30	51	Fast	Polyester	1.3	1.30	2.1	3.3	6.1	22.05	38.1	34.0	49.6	71.7	30.5		174.3	9.68	18.99	0.55	29.1	57.6	79.0	0.093	0.387	4.2
MSV Co.-Focus 16L	51	Fast	Polyester	1.27	1.28	2.1	3.3	5.2	26.15	36.8	33.0	49.6	75.6	31.2		184.6	8.78	15.79	0.64	25.1	49.7	85.2	0.089	0.377	4.2
Gamma Zo Ice 16	51	Fast	Polyester	1.27	1.27	1.5	NA	3.0	32.02	34.4	31.0	52.9	84.9	32.9		223.5	6.68	12.02	0.49	19.2	37.8	85.2	0.102	0.43	4.2
Head Sonic Pro 16	51	Fast	Polyester	1.3	1.32	3.6	6.1	8.5	22.27	38.8	34.4	46.7	69.0	29.7		160.6	9.97	18.48	0.44	28.9	57	81.2	0.092	0.388	4.2
Polyfibre TCS 17	51	Fast	Polyester	1.2	1.21	3.0	5.8	8.8	19.01	39.5	35.1	48.1	67.3	29.5		158.9	11.38	20.33	0.44	32.2	63.4	78.7	0.1	0.418	4.2
Weiss Cannon Turbotwist 17 (1.24)	51	Fast	Polyester	1.24	1.25	2.1	3.6	4.8	26.24	35.7	32.0	54.7	80.9	32.4		216.6	9.48	15.00	0.62	25.1	49.5	85.0	0.097	0.412	4.2
Weiss Cannon Scorpion 1.33	51	Fast	Polyester	1.33	1.35	1.5	2.7	3.6	26.99	35.0	32.0	56.0	82.9	33.1		222.9	8.38	15.35	0.53	24.3	47.8	84.3	0.09	0.375	4.2
Signum Pro Hyperion 17 (1.24)	51	Fast	Polyester	1.24	1.26	2.1	3.0	3.9	29.66	35.4	32.0	50.9	80.7	32.2		202.3	7.01	14.05	0.55	21.6	42.6	84.8	0.104	0.442	4.2
Tecnifibre Black Code 17	51	Fast	Polyester	1.24	1.26	1.5	2.4	2.7	30.83	34.1	31.0	55.8	86.7	33.6		236.0	7.36	12.53	0.51	20.3	40.2	87.0	0.118	0.5	4.2
Topspin Cyber Flash 17	51	Fast	Polyester	1.25	1.25	2.4	3.9	6.4	23.51	38.3	34.0	45.2	68.8	29.2		158.9	7.85	19.36	0.64	27.8	54.9	83.4	0.103	0.43	4.2
Poly Star Classic 16 (1.30)	51	Fast	Polyester	1.3	1.32	2.1	3.0	4.8	23.11	37.3	33.0	49.8	72.8	30.1		185.7	9.50	18.11	0.71	28.2	55.8	81.5	0.111	0.466	4.2
Gosen Polylon PolyBreak 17 (1.24)	51	Fast	Polyester	1.24	1.25	2.7	3.9	5.2	26.44	36.2	32.5	50.7	77.2	31.3		195.5	9.08	15.20	0.51	24.7	48.9	84.8	0.104	0.436	4.2
Wilson Spin Cycle 16L	51	Fast	Polyester	1.27	NA	2.4	4.2	5.2	31.55	34.4	31.6	50.5	82.0	32.5	16.2	205.7	6.50	12.67	0.48	19.6	38.7	87.6	0.1	0.42	4.2
Tecnifibre Razor Code 16 (1.30)	51	Fast	Polyester	1.3	NA	1.5	2.7	3.3	34.55	33.1	31.0	57.3	91.9	35.6	16.5	242.9	5.36	10.81	0.39	16.5	32.7	87.8	0.09	0.376	4.2
Luxilon 4G Rough 16L	51	Fast	Polyester	1.25	NA	1.8	3.3	3.9	35.06	33.9	32.0	54.5	89.5	35.8	17.9	216.0	5.34	10.32	0.99	16.8	32.8	89.7	0.094	0.399	4.2
Yonex Poly Tour Air 16L	51	Fast	Polyester	1.25		0.0	0.0	0.0	30.27	36.4	33.7	43.2	73.6	31.0	14.8	154.9	4.67	15.78	0.33	20.7	41	88.0	0.108	0.457	4.2
Gosen Polylon 16	51	Fast	Polyester	1.29	1.29	2.1	2.7	4.5	25.40	36.3	32.4	53.4	78.7	31.9		206.9	9.48	15.84	0.51	25.8	50.9	81.9	0.087	0.357	4.1
Polyfibre Poly Hightec 16/1.30	51	Fast	Polyester	1.3	1.31	1.5	3.0	5.2	21.87	38.3	34.0	49.4	71.2	30.3		173.2	10.25	18.60	0.48	29.3	57.8	78.7	0.102	0.42	4.1
Luxilon Big Banger XP 125/16L	51	Fast	Polyester	1.25	1.23	1.8	88.2	3.6	26.33	35.8	32.7	55.1	81.4	33.3		209.2	641.65	-617.26	0.49	24.9	49	84.6	0.099	0.407	4.1
Klip K-Boom 16/1.30	51	Fast	Polyester	1.3	1.31	1.4	2.4	2.9	33.91	33.6	31.0	56.2	90.0	34.9		237.2	6.55	10.26	0.44	17.2	34	87.2	0.093	0.38	4.1
Gamma Zo Magic 16	51	Fast	Polyester	1.27	1.28	1.8	2.4	3.0	34.11	33.3	30.0	54.9	89.1	33.4		248.0	6.37	10.24	0.48	17.2	33.7	89.3	0.097	0.395	4.1
Head Ultratour 17	51	Fast	Polyester	1.2	1.22	4.8	6.7	8.2	28.55	35.2	32.0	52.3	80.9	32.3		207.5	9.39	12.78	0.59	22.7	44.9	85.0	0.094	0.383	4.1
Kirschbaum Pro Line I 17 (1.25)	51	Fast	Polyester	1.25	1.27	1.8	3.0	4.2	25.51	35.9	32.0	51.6	77.2	30.8		204.6	8.49	16.72	0.55	25.8	50.8	83.2	0.091	0.375	4.1
Kirschbaum Competition 17L (1.20)	51	Fast	Polyester	1.2	1.19	2.7	4.2	5.2	28.36	35.9	32.1	48.1	76.5	30.6		190.3	7.96	14.40	0.44	22.7	45	86.1	0.103	0.422	4.1
Tourna Big Hitter Silver Rough 17	51	Fast	Polyester	1.25	1.22	3.0	4.2	5.2	29.86	35.2	32.0	49.6	79.4	31.8		197.2	7.72	13.14	0.49	21.4	42.1	85.7	0.102	0.423	4.1
L-Tec Premium OS 17 (1.23)	51	Fast	Polyester	1.23	NA	1.5	2.7	3.6	36.54	33.3	30.0	49.6	86.2	32.3		224.0	4.06	10.12	0.42	14.6	28.8	87.0	0.098	0.402	4.1
Weiss Cannon Scorpion 1.22	51	Fast	Polyester	1.22	1.22	2.4	3.9	4.5	28.80	35.9	32.6	50.5	79.4	32.4		192.6	8.51	13.41	0.49	22.5	44.2	86.9	0.097	0.385	4
Luxilon Big Banger Ace 18 (1.12)	51	Fast	Polyester	1.12	1.16	2.1	3.3	4.5	27.74	35.8	32.0	51.4	79.2	31.7		203.5	8.71	14.27	0.42	23.4	46.1	85.4	0.106	0.419	4
Polyfibre Poly Hightec 17	51	Fast	Polyester	1.2	1.16	2.7	5.5	7.9	19.51	39.5	35.0	47.6	67.3	29.4		157.7	10.89	20.32	0.77	32.0	63	80.5	0.099	0.395	4
Poly Star Classic 17 (1.20)	51	Fast	Polyester	1.2	1.22	2.4	4.5	7.6	19.89	38.9	34.5	48.7	68.6	29.6		166.9	10.30	20.53	0.42	31.3	61.6	78.7	0.09	0.362	4
Poly Star Energy 16 (1.30)	51	Fast	Polyester	1.3	1.30	2.1	4.5	8.2	17.64	39.3	34.5	50.7	68.4	29.4		173.2	11.49	21.59	0.53	33.5	66.3	76.6	0.089	0.354	4
Poly Star Energy 17 (1.20)	51	Fast	Polyester	1.2	1.23	2.7	4.5	7.6	19.03	39.2	34.7	49.0	68.1	29.5		165.2	12.13	19.56	0.57	32.2	63.6	77.3	0.092	0.366	4
Gosen Polylon SP 16 (1.30)	51	Fast	Polyester	1.3	1.31	3.0	4.5	5.8	24.63	36.8	33.0	49.4	74.1	30.5		184.6	9.81	16.28	0.55	26.7	52.5	84.1	0.105	0.418	4
Gamma Zo Black Ice 18 (1.18)	51	Fast	Polyester	1.18	1.18	3.0	3.6	5.2	31.09	34.8	31.9	49.8	80.9	32.3		199.5	8.25	11.38	0.44	20.1	39.6	87.8	0.108	0.431	4
L-Tec Premium 3S 16L (1.25)	51	Fast	Polyester	1.25	NA	2.4	3.9	4.8	33.08	34.0	30.9	51.8	84.9	32.8		220.0	5.80	11.84	0.42	18.1	35.6	87.8	0.115	0.465	4
L-Tec Premium 5S 16L (1.25)	51	Fast	Polyester	1.25	NA	2.1	3.6	4.8	32.46	34.2	31.0	49.8	82.2	31.9		210.3	6.33	11.93	0.42	18.7	36.8	88.2	0.104	0.411	4
Leopard Plus Control 16	51	Fast	Polyester	1.3	1.31	1.2	2.1	3.0	30.87	34.5	31.4	54.9	85.8	33.7		225.7	7.28	12.57	0.44	20.3	40	85.0	0.097	0.378	3.9
Ashaway MonoGut 17	51	Fast	Polyester	1.22	1.22	1.8	3.3	4.5	25.69	36.9	33.0	50.5	76.3	31.5		188.6	8.56	16.47	0.77	25.8	50.9	83.5	0.097	0.378	3.9
Polyfibre Viper 17/1.20	51	Fast	Polyester	1.2	1.23	2.7	5.2	8.2	18.72	39.8	35.3	48.3	67.0	29.6		157.7	11.03	20.97	0.64	32.6	64.3	78.0	0.105	0.412	3.9
Polyfibre Poly Hightec 18	51	Fast	Polyester	1.1	1.10	4.2	7.9	10.6	20.40	39.5	35.6	46.7	67.3	29.9		150.3	10.74	19.58	0.62	30.9	61	81.0	0.112	0.435	3.9
Polyfibre Hightec Premium 17	51	Fast	Polyester	1.2	1.18	3.0	5.5	8.2	20.00	39.3	35.0	47.6	67.5	29.6		157.7	10.54	20.18	0.66	31.3	61.9	79.7	0.103	0.4	3.9
Prince Beast XP 16	51	Fast	Polyester	1.3	1.32	2.1	3.3	4.5	30.05	35.0	31.7	49.2	79.4	31.5		198.9	7.28	13.39	0.46	21.2	41.7	87.2	0.104	0.409	3.9
Head Sonic Pro 17	51	Fast	Polyester	1.251	1.26	3.6	6.1	8.5	23.04	38.0	34.1	47.0	69.9	29.8		164.6	8.75	18.93	0.15	27.8	54.9	83.9	0.087	0.342	3.9
Luxilon Big Banger Timo 17 (1.22)	51	Fast	Polyester	1.22	1.25	2.1	3.0	4.2	28.60	35.2	32.0	52.0	80.7	32.3		206.9	7.96	14.16	0.38	22.5	44.3	85.9	0.098	0.382	3.9
Kirschbaum Pro Line I 17L (1.20)	51	Fast	Polyester	1.2	1.21	2.1	3.3	4.5	24.74	36.3	32.6	51.2	75.9	30.9		194.9	9.33	16.65	0.51	26.5	52.2	83.7	0.089	0.351	3.9
Dunlop Juice 17 (1.26)	51	Fast	Polyester	1.26	1.26	2.4	3.6	4.5	27.47	38.0	27.7	39.2	66.8	23.1		208.6	8.60	14.65	-0.03	23.2	45.8	89.3	0.107	0.416	3.9
Babolat RPM Team 16 Black	51	Fast	Polyester	1.3	NA	1.5	2.4	3.0	39.87	31.7	28.7	56.9	96.6	34.7		280.6	3.46	7.39	0.29	11.0	22	90.4	0.096	0.374	3.9
Luxilon 4G 16L (1.25)	51	Fast	Polyester	1.25	NA	1.5	2.4	3.0	40.20	31.8	29.0	53.6	93.7	34.0	17.1	258.9	3.55	6.97	0.29	10.8	21.3	90.8	0.095	0.366	3.9
Gamma RZR Rx 16	51	Fast	Polyester	1.2	NA	2.1	3.0	3.9	37.29	34.0	31.8	48.7	86.0	34.2	16.0	196.0	4.32	9.11	0.40	13.9	27.3	88.5	0.094	0.371	3.9
Gamma Monoblast 16	51	Fast	Polyester	1.27	1.27	1.5	2.4	3.0	29.77	34.6	31.3	53.1	82.9	32.4		220.6	7.54	13.41	0.62	21.6	42.5	86.9	0.102	0.392	3.8
Tecnifibre Polyspin 16L	51	Fast	Polyester	1.27	1.29	1.5	2.1	2.4	32.74	34.2	31.0	53.6	86.4	33.5		226.9	6.59	11.39	0.44	18.5	36.3	85.6	0.103	0.393	3.8
Polyfibre TCS 16L	51	Fast	Polyester	1.25	1.23	2.4	4.2	7.3	19.87	39.1	34.4	48.5	68.4	29.4		166.9	11.03	19.82	0.64	31.5	62.1	79.2	0.098	0.377	3.8
Weiss Cannon Silverstring 1.25	51	Fast	Polyester	1.25	1.26	2.4	3.9	5.2	29.04	35.6	32.0	49.2	78.3	31.3		195.5	8.29	13.39	0.53	22.3	43.8	87.0	0.108	0.407	3.8
Gosen Sidewinder 16 (1.31)	51	Fast	Polyester	1.31		0.0	0.0	0.0	27.43	36.8	34.0	46.3	73.9	31.3	14.7	163.4	6.22	17.07	0.42	23.8	46.7	86.5	0.11	0.416	3.8
Weiss Cannon Silverstring 120	51	Fast	Polyester	1.2	NA	2.7	4.2	5.5	25.75	37.5	34.0	47.6	73.4	31.2		167.4	8.62	16.35	0.68	25.6	50.6	82.6	0.107	0.397	3.7
Prince Twisted 16L	51	Fast	Polyester	1.27	1.27	1.2	2.4	3.0	29.15	34.9	31.3	55.3	84.7	33.1		230.3	7.47	14.10	0.51	22.1	43.5	85.0	0.096	0.355	3.7
Poly Star Energy 16L (1.25)	51	Fast	Polyester	1.25	1.25	2.4	5.2	8.5	16.80	39.6	35.0	51.2	68.1	29.8		169.7	12.86	21.06	0.57	34.4	68	75.5	0.096	0.354	3.7
Gamma Zo Black Ice 17 (1.23)	51	Fast	Polyester	1.23	1.23	2.4	3.6	4.5	30.25	34.6	31.8	52.5	82.7	32.9		211.5	8.09	12.38	0.44	20.9	41.2	87.2	0.11	0.402	3.7
Gamma Zo Tour 17 (1.25)	51	Fast	Polyester	1.25	1.27	2.4	3.3	4.8	25.73	36.0	32.1	51.6	77.4	31.0		204.0	8.93	16.06	0.55	25.6	50.3	83.7	0.109	0.408	3.7
Weiss Cannon MatchPower 1.25	51	Fast	Polyester	1.25	1.26	1.5	2.1	2.7	31.69	34.5	31.7	54.0	85.8	34.0		218.3	7.17	11.86	0.47	19.4	38.4	86.7	0.108	0.389	3.6
Luxilon M2 Pro 125/16	51	Fast	Polyester	1.25	1.33	2.0	3.6	5.2	24.21	36.9	33.9	51.4	75.4	32.0		181.7	9.70	16.81	0.40	26.9	53	83.2	0.098	0.348	3.6
Luxilon Adrenaline 16	51	Fast	Polyester	1.3	1.27	1.8	2.7	4.2	28.09	35.4	32.0	53.6	81.8	32.7		212.6	8.45	14.18	0.37	22.9	45.3	86.1	0.103	0.372	3.6
Luxilon Big Banger Timo 18 (1.10)	51	Fast	Polyester	1.1	1.14	2.4	3.3	4.8	28.05	36.0	32.8	49.8	78.1	31.9		189.2	8.38	14.29	0.38	22.9	45.4	85.9	0.107	0.382	3.6
Polyfibre Cobra 17/1.20	51	Fast	Polyester	1.2	1.24	2.7	4.8	8.2	19.10	39.9	35.4	47.6	66.6	29.5		154.3	10.47	21.15	0.67	32.2	63.7	79.6	0.107	0.385	3.6
Luxilon Big Banger XP 15L (1.38)	51	Fast	Polyester	1.38	1.38	1.8	2.4	3.6	26.81	34.5	31.2	56.7	83.3	32.5		236.6	9.26	14.65	0.44	24.3	48	84.5	0.106	0.378	3.6
Dunlop Juice 16 (1.31)	51	Fast	Polyester	1.31	1.33	2.1	3.6	4.8	26.64	35.3	32.0	54.2	80.9	32.4		215.5	9.33	14.75	0.49	24.5	48.4	85.4	0.115	0.414	3.6
Ashaway MonoGut 16L	51	Fast	Polyester	1.27	1.28	1.8	3.0	4.2	27.45	35.8	32.0	51.2	78.5	31.4		202.9	8.16	15.11	0.55	23.8	47	85.0	0.106	0.366	3.5
Luxilon Adrenaline 16L/1.25	51	Fast	Polyester	1.25	1.24	2.4	3.3	4.5	28.66	35.1	32.0	51.2	79.8	31.9		202.9	8.51	13.55	0.44	22.5	44.3	86.1	0.103	0.356	3.5
Prince Tour 17	51	Fast	Polyester	1.25	1.28	1.8	3.3	4.8	23.04	37.0	33.0	53.6	76.5	31.6		198.9	9.57	18.11	0.50	28.2	55.6	81.7	0.114	0.387	3.4
SuperString Nikita Original 1.25	51	Fast	Polyester	1.25	1.26	2.4	3.6	4.8	29.44	35.2	32.0	50.1	79.6	31.8		198.9	7.63	13.65	0.49	21.8	42.9	85.7	0.109	0.371	3.4
Luxilon Savage 16/1.27	51	Fast	Polyester	1.27	1.25	1.5	2.4	3.6	27.72	34.4	31.2	56.0	83.8	32.7		234.3	7.98	15.02	0.44	23.4	46.2	84.3	0.117	0.399	3.4
Tourna Big Hitter Blue Rough 16	51	Fast	Polyester	1.3	1.27	2.4	3.6	4.8	30.45	34.5	31.3	53.6	84.0	32.9		222.3	8.03	12.24	0.29	20.5	40.5	86.7	0.117	0.394	3.4
Yonex Poly Tour Pro Yellow 16 (1.30)	51	Fast	Polyester	1.3	1.32	2.1	2.7	3.6	28.60	35.8	32.0	48.1	76.7	30.7		191.5	7.56	14.56	0.46	22.5	44.5	87.0	0.111	0.374	3.4
Luxilon Monotec Super Poly 1.25/16L	51	Fast	Polyester	1.25	1.26	1.5	2.4	3.2	28.78	34.4	31.5	56.9	85.8	33.8		233.2	7.36	14.58	0.45	22.3	44.1	86.3	0.116	0.377	3.3
Prince Poly Spin 3D	51	Fast	Polyester	1.27	1.28	2.1	4.2	6.4	20.68	38.4	34.0	50.9	71.7	30.4		178.9	10.74	19.30	0.48	30.4	60.2	80.3	0.113	0.373	3.3
Babolat Pro Hurricane 18	51	Fast	Polyester	1.2	NA	2.4	3.0	3.9	32.48	35.3	32.0	46.7	79.2	31.6		185.2	5.69	12.55	0.64	19.0	37.2	87.0	0.12	0.393	3.3
Luxilon Adrenaline Rough 16L/1.25	51	Fast	Polyester	1.25	1.25	2.7	4.2	5.2	28.51	35.1	31.8	50.5	78.9	31.4		202.9	8.75	13.46	0.53	22.7	44.8	85.9	0.13	0.432	3.3
IsoSpeed Axon Mono 16L	51	Fast	Polyester	1.25	1.28	3.0	3.3	4.5	33.65	34.7	31.7	49.4	83.1	33.0		199.5	7.03	10.04	0.38	17.4	34.4	88.7	0.119	0.383	3.2
Tourna Big Hitter Blue Rough 17	51	Fast	Polyester	1.25	1.23	2.4	3.9	4.8	29.00	35.0	32.0	52.9	81.8	32.8		209.7	8.25	13.47	0.49	22.3	43.8	85.0	0.128	0.412	3.2
Prince Tour 16	51	Fast	Polyester	1.3	1.33	1.8	2.4	4.2	24.34	36.3	32.1	54.5	78.9	31.6		214.9	8.73	17.65	0.50	26.9	53	81.4	0.108	0.332	3.1
Babolat Pro Hurricane 17	51	Fast	Polyester	1.25	1.25	2.4	3.6	4.5	30.01	35.5	32.0	48.5	78.5	31.4		192.6	7.78	12.93	0.60	21.4	42	84.6	0.122	0.374	3.1
Gamma Zo Power 16L	51	Fast	Polyester	1.25	1.27	2.1	3.9	5.2	22.78	37.0	33.1	52.0	74.7	30.9		193.2	9.99	17.95	0.82	28.7	56.7	81.7	0.132	0.383	2.9
Luxilon Adrenaline 17/1.20	51	Fast	Polyester	1.2	1.19	2.1	3.0	4.2	29.99	34.8	31.9	52.0	82.0	32.6		208.0	7.36	13.37	0.47	21.2	41.8	86.3	0.131	0.384	2.9
Luxilon Monotec Supersense 16L/1.25	51	Fast	Polyester	1.25	1.25	1.8	3.0	3.9	27.01	34.3	32.0	52.9	79.8	32.0		209.7	9.83	13.88	0.48	24.3	47.7	93.5	0.172	0.362	2.1
Tecnifibre X-Code 16	51	Fast	Polyester	1.3	1.33	3.0	3.9	5.5	31.84	35.4	32.0	47.4	79.2	31.7		188.0	6.46	12.42	0.33	19.2	37.9	85.2	0.21	0.416	2
Prince Tournament Poly 16	51	Fast	Polyester	1.3	1.30	1.5	2.4	3.6	27.92	35.4	32.0	54.0	82.0	32.8		215.5	7.72	15.08	0.49	23.4	45.9	83.2	0.09	NA	NA
SuperString Nikita Soft 16L	51	Fast	Polyester	1.25	1.27	4.2	6.1	7.9	26.26	36.5	33.0	49.0	75.4	31.1		182.9	9.57	14.89	0.48	24.9	49.2	85.6	0.085	NA	NA
MSV Hepta-Twist 16	51	Fast	Polyester	1.3	1.34	2.4	4.2	6.4	25.25	36.5	32.7	49.6	74.7	30.5		188.6	9.44	16.03	0.55	26.0	51.3	84.1	0.093	NA	NA
Volkl V-Star 18 (1.20)	51	Fast	Polyester	1.2		0.0	0.0	0.0	25.36	37.7	34.5	47.8	73.2	31.5	14.5	163.4	6.62	18.74	0.33	25.6	50.7	85.2	0.079	NA	NA
Babolat Pro Hurricane 16	51	Fast	Polyester	1.3	1.3	NA	NA	3.9	31.16	34.7	32.0	51.4	82.5	33.0		204.0	7.85	11.71	0.51	20.1	39.6	85.9	NA	NA	NA
Wilson Enduro Gold 16	51	Fast	Polyester	1.3	1.29	1.5	2.4	3.3	27.36	35.7	32.1	54.0	81.4	32.7		213.7	8.33	15.03	0.53	23.8	47.1	83.2	NA	NA	NA
Yonex Poly Tour 130/16	51	Fast	Polyester	1.3	1.29	NA	2.3	3.5	26.17	35.6	32.1	55.3	81.4	32.7		217.7	8.71	15.84	0.37	24.9	49.1	83.7	NA	NA	NA
Luxilon M2 Plus 130/16	51	Fast	Polyester	1.3	1.32	1.7	2.9	3.9	24.96	36.3	33.0	54.2	79.4	32.7		202.9	9.15	16.61	0.59	26.2	52	82.6	NA	NA	NA
Luxilon Monotec Zolo 125/16	51	Fast	Polyester	1.25	1.23	2.0	3.0	4.2	26.70	35.5	32.1	54.0	80.7	32.3		213.2	9.26	14.76	0.46	24.5	48.3	85.0	NA	NA	NA
Prince Tournament Poly 17	51	Fast	Polyester	1.24	1.24	1.8	3.0	4.5	25.29	36.4	32.2	53.1	78.5	31.6		209.2	8.00	17.43	0.42	25.8	51	81.9	NA	NA	NA
Wilson Enduro Tour 18	51	Fast	Polyester	1.21	1.21	2.4	5.5	8.5	18.99	39.5	35.0	48.1	67.0	29.3		159.4	11.49	20.24	0.56	32.2	63.7	81.2	NA	NA	NA
Luxilon Big Banger ALU Power Fluoro 17	51	Fast	Polyester	1.23	1.23	2.1	3.3	4.5	28.42	35.5	32.0	52.3	80.5	32.2		206.9	8.38	13.92	0.42	22.7	44.8	87.0	NA	NA	NA
Wilson Enduro Mono 16L	51	Fast	Polyester	1.28	1.32	1.5	2.7	3.3	30.16	34.6	31.1	54.7	84.9	33.0		230.3	6.92	13.64	0.48	20.9	41.5	86.3	NA	NA	NA
Tourna Big Hitter Blue 16	51	Fast	Polyester	1.3	1.31	1.5	2.4	3.3	32.15	34.2	30.8	52.7	84.9	32.7		226.3	6.84	11.73	0.35	19.0	37.3	85.7	NA	NA	NA
Tourna Big Hitter 16	51	Fast	Polyester	1.3	1.33	1.5	2.4	3.3	30.98	34.3	31.0	53.4	84.2	32.7		225.7	7.63	12.11	0.44	20.1	39.8	86.3	NA	NA	NA
Babolat Duralast 17	51	Fast	Polyester	1.25	1.25	1.5	2.4	3.6	29.35	34.8	31.6	53.8	83.1	32.8		219.5	7.50	13.87	0.42	21.8	43	84.8	NA	NA	NA
Babolat Revenge 16	51	Fast	Polyester	1.3	NA	1.2	2.4	2.7	32.37	33.0	30.0	61.1	93.5	35.1		276.0	6.62	11.73	0.79	19.2	37.7	86.5	NA	NA	NA
Babolat Revenge 17	51	Fast	Polyester	1.25	1.27	1.8	2.7	3.9	26.57	35.5	32.0	56.0	82.7	33.0		222.3	8.71	15.44	0.57	24.7	48.7	80.6	NA	NA	NA
Babolat Duralast 16	51	Fast	Polyester	1.3	1.31	1.5	2.7	3.9	26.72	36.1	32.1	52.5	79.2	31.7		207.5	8.14	15.86	0.59	24.5	48.5	83.5	NA	NA	NA
Boris Becker Bomber 17	51	Fast	Polyester	1.23	1.23	2.4	3.9	5.2	26.86	36.9	33.0	48.7	75.6	31.2		182.3	8.16	15.70	0.71	24.5	48.4	83.5	NA	NA	NA
IsoSpeed Pulse 17	51	Fast	Polyester	1.2	1.22	3.9	6.1	8.5	23.26	38.7	34.2	45.9	69.0	29.5		159.4	9.04	18.42	0.72	28.2	55.6	83.0	NA	NA	NA
Tecnifibre Black Code 16	51	Fast	Polyester	1.28	1.31	1.5	2.4	2.7	32.19	33.6	30.1	55.8	88.0	33.1		249.7	7.10	11.43	0.42	19.0	37.3	87.4	NA	NA	NA
Polyfibre Viper 16L/1.25	51	Fast	Polyester	1.25	1.23	2.7	4.2	6.7	20.86	38.7	34.1	49.0	69.7	29.8		170.3	10.21	19.65	0.64	30.4	60.1	78.9	NA	NA	NA
Signum Pro Poly-Plasma Pure 17L (1.18)	51	Fast	Polyester	1.18	1.19	2.1	3.3	4.5	28.91	35.9	32.0	49.4	78.3	31.3		196.0	7.23	14.58	0.69	22.5	44.3	85.0	NA	0.391	NA
SuperString Pure Control V8 17	51	Fast	Polyester	1.2	1.30	7.0	9.1	11.5	25.62	37.3	34.0	46.3	71.9	30.5		162.9	10.25	14.85	0.42	25.6	50.3	84.6	NA	NA	NA
Super String Tour Players V3 17 (1.20)	51	Fast	Polyester	1.2	1.21	2.4	3.3	4.5	28.44	35.8	32.0	49.8	78.3	31.3		197.7	7.50	14.78	0.55	22.9	45	86.3	NA	NA	NA
Polyfibre TCS 18 (1.15)	51	Fast	Polyester	1.15	1.16	3.6	7.3	9.7	20.31	39.1	35.0	47.2	67.5	29.5		156.0	11.47	18.94	0.60	31.1	61.1	81.4	NA	NA	NA
Polyfibre Black Venom 16L (1.25)	51	Fast	Polyester	1.25	1.25	2.7	4.8	6.7	20.75	38.5	34.0	48.5	69.2	29.4		170.3	10.52	19.45	0.68	30.6	60.4	79.9	NA	NA	NA
Yonex Poly Tour Pro Yellow 16L (1.25)	51	Fast	Polyester	1.25	1.25	1.8	3.0	3.9	27.65	36.3	32.6	47.4	75.0	30.5		181.2	7.08	15.99	0.44	23.6	46.3	86.5	NA	NA	NA
Luxilon 4G S 15	51	Fast	Polyester	1.41	NA	0.9	1.8	2.4	39.14	30.8	28.1	61.3	100.3	35.3	17.9	314.3	3.33	8.25	0.35	11.9	23.5	91.8	NA	NA	NA
Luxilon 4G 16 (1.30)	51	Fast	Polyester	1.3	NA	1.2	1.8	2.4	39.14	31.2	29.0	59.3	98.6	35.7	17.3	286.9	3.97	7.61	0.33	11.9	23.5	90.1	NA	NA	NA
One Strings Carbon Tour 17 (1.25)	51	Fast	Polyester	1.25	NA	1.5	2.4	3.0	38.30	33.1	30.6	52.7	91.1	34.8	17.1	229.2	4.26	8.16	0.48	13.0	25.4	89.1	NA	NA	NA
Diadem Solstice Pro 16L (1.25)	51	Fast	Polyester	1.25		0.0	0.0	0.0	36.05	34.6	32.0	48.1	84.0	33.7	15.9	190.3	3.37	11.30	0.17	14.8	29.3	88.5	NA	NA	NA
IsoSpeed Cream 17 (1.28)	51	Fast	Polyester	1.28	1.33	NA	NA	8.5	36.78	34.9	32.3	45.6	82.2	33.2	15.9	177.7	6.84	7.10	0.33	14.3	28.1	89.7	NA	NA	NA
Tecnifibre Ruff Code 17 (1.25)	51	Fast	Polyester	1.25	1.37	NA	NA	12.4	36.38	34.1	32.0	52.3	88.6	35.5	17.0	207.5	4.39	9.95	0.22	14.6	28.7	90.2	NA	0.461	NA
Prince Diablo Prism 17	51	Fast	Polyester	1.25	1.25	2.4	5.5	7.6	32.74	34.5	32.0	57.8	90.4	36.2	15.8	229.2	6.39	11.59	0.24	18.3	35.9	87.8	NA	NA	NA
Luxilon LXN Smart 16 (1.30)	51	Fast	Polyester	1.3	1.32	2.1	5.8	8.5	27.85	35.3	32.6	54.5	82.2	33.5	15.3	208.6	7.56	15.31	0.40	23.4	45.9	85.7	NA	NA	NA
Tourna Big Hitter Silver 7 Tour 16 (1.30)	51	Fast	Polyester	1.3	1.26	4.5	8.2	4.5	41.45	32.3	30.0	52.7	94.2	35.3	17.0	238.3	2.87	6.40	0.19	9.5	18.7	90.1	NA	NA	NA
Yonex PolyTour REV 16 (1.30)	51	Fast	Polyester	1.3	1.25	8.5	10.6	8.5	34.07	34.0	31.3	50.5	84.5	33.1	15.6	208.6	4.90	11.75	0.22	16.8	33.3	86.3	NA	NA	NA
Kirschbaum Flash 16 (1.30)	51	Fast	Polyester	1.3	1.24	7.0	9.1	12.7	32.41	34.8	32.0	48.5	80.9	32.4	15.9	192.6	5.64	12.67	0.33	18.5	36.7	87.6	NA	NA	NA
Diadem Solstice Blace 17 (1.20)	51	Fast	Polyester	1.2	1.25	7.9	9.1	9.1	24.48	37.8	34.3	46.7	71.2	30.5	14.4	161.7	7.28	18.96	0.49	26.7	52.7	83.9	NA	NA	NA
Dunlop Explosive Bite 17 (1.27)	51	Fast	Polyester	1.27	1.25	8.2	8.8	10.3	36.58	33.9	31.2	48.3	84.9	33.1	16.3	201.7	3.90	10.24	0.24	14.3	28.3	88.5	NA	NA	NA
Dunlop Explosive Tour 16 (1.30)	51	Fast	Polyester	1.3	1.19	7.3	5.2	10.3	26.59	35.9	33.0	53.6	80.3	33.0	14.9	200.6	6.92	17.21	0.31	24.5	48.2	84.6	NA	NA	NA
Dunlop Explosive Speed 17 (1.25)	51	Fast	Polyester	1.25	1.25	2.7	3.9	10.0	42.78	31.9	29.9	54.9	97.7	36.5	17.3	249.7	2.54	5.40	1.00	8.8	17.6	91.2	NA	NA	NA